problem,formal_index,case_code,series_id,k_cleared_before,channel,phase,channel_previously_discovered,response_line,event,virtual_time_s,k_cleared_after,timing_basis
Q4,1,JHQ9-ZVTT-CGAR-GVTX,Q4-正式1,0,1,search,0,4,no_signal,5.000000,0,response_end
Q4,1,JHQ9-ZVTT-CGAR-GVTX,Q4-正式1,0,2,search,0,6,no_signal,11.000000,0,response_end
Q4,1,JHQ9-ZVTT-CGAR-GVTX,Q4-正式1,0,4,search,0,10,no_signal,23.000000,0,response_end
Q4,1,JHQ9-ZVTT-CGAR-GVTX,Q4-正式1,0,5,search,0,12,no_signal,29.000000,0,response_end
Q4,1,JHQ9-ZVTT-CGAR-GVTX,Q4-正式1,0,6,search,0,14,no_signal,35.000000,0,response_end
Q4,1,JHQ9-ZVTT-CGAR-GVTX,Q4-正式1,0,8,search,0,18,no_signal,47.000000,0,response_end
Q4,1,JHQ9-ZVTT-CGAR-GVTX,Q4-正式1,0,10,search,0,22,no_signal,59.000000,0,response_end
Q4,1,JHQ9-ZVTT-CGAR-GVTX,Q4-正式1,0,11,search,0,24,no_signal,65.000000,0,response_end
Q4,1,JHQ9-ZVTT-CGAR-GVTX,Q4-正式1,0,12,search,0,26,no_signal,71.000000,0,response_end
Q4,1,JHQ9-ZVTT-CGAR-GVTX,Q4-正式1,0,13,search,0,28,no_signal,77.000000,0,response_end
Q4,1,JHQ9-ZVTT-CGAR-GVTX,Q4-正式1,0,14,search,0,30,no_signal,83.000000,0,response_end
Q4,1,JHQ9-ZVTT-CGAR-GVTX,Q4-正式1,0,15,search,0,32,no_signal,89.000000,0,response_end
Q4,1,JHQ9-ZVTT-CGAR-GVTX,Q4-正式1,0,17,search,0,36,no_signal,101.000000,0,response_end
Q4,1,JHQ9-ZVTT-CGAR-GVTX,Q4-正式1,0,18,search,0,38,no_signal,107.000000,0,response_end
Q4,1,JHQ9-ZVTT-CGAR-GVTX,Q4-正式1,0,19,search,0,40,no_signal,113.000000,0,response_end
Q4,1,JHQ9-ZVTT-CGAR-GVTX,Q4-正式1,0,20,search,0,42,no_signal,119.000000,0,response_end
Q4,1,JHQ9-ZVTT-CGAR-GVTX,Q4-正式1,0,20,search,0,44,no_signal,314.000000,0,response_end
Q4,1,JHQ9-ZVTT-CGAR-GVTX,Q4-正式1,0,1,search,0,46,no_signal,320.000000,0,response_end
Q4,1,JHQ9-ZVTT-CGAR-GVTX,Q4-正式1,0,2,search,0,48,no_signal,326.000000,0,response_end
Q4,1,JHQ9-ZVTT-CGAR-GVTX,Q4-正式1,0,4,search,0,52,no_signal,338.000000,0,response_end
Q4,1,JHQ9-ZVTT-CGAR-GVTX,Q4-正式1,0,5,search,0,54,no_signal,344.000000,0,response_end
Q4,1,JHQ9-ZVTT-CGAR-GVTX,Q4-正式1,0,6,search,0,56,no_signal,350.000000,0,response_end
Q4,1,JHQ9-ZVTT-CGAR-GVTX,Q4-正式1,0,8,search,0,60,no_signal,362.000000,0,response_end
Q4,1,JHQ9-ZVTT-CGAR-GVTX,Q4-正式1,0,10,search,0,64,no_signal,374.000000,0,response_end
Q4,1,JHQ9-ZVTT-CGAR-GVTX,Q4-正式1,0,11,search,0,66,no_signal,380.000000,0,response_end
Q4,1,JHQ9-ZVTT-CGAR-GVTX,Q4-正式1,0,13,search,0,70,no_signal,392.000000,0,response_end
Q4,1,JHQ9-ZVTT-CGAR-GVTX,Q4-正式1,0,14,search,0,72,no_signal,398.000000,0,response_end
Q4,1,JHQ9-ZVTT-CGAR-GVTX,Q4-正式1,0,15,search,0,74,no_signal,404.000000,0,response_end
Q4,1,JHQ9-ZVTT-CGAR-GVTX,Q4-正式1,0,17,search,0,78,no_signal,416.000000,0,response_end
Q4,1,JHQ9-ZVTT-CGAR-GVTX,Q4-正式1,0,19,search,0,82,no_signal,428.000000,0,response_end
Q4,1,JHQ9-ZVTT-CGAR-GVTX,Q4-正式1,3,19,search,0,90,no_signal,588.901047,3,response_end
Q4,1,JHQ9-ZVTT-CGAR-GVTX,Q4-正式1,3,2,search,0,94,no_signal,600.901047,3,response_end
Q4,1,JHQ9-ZVTT-CGAR-GVTX,Q4-正式1,3,4,search,0,98,no_signal,612.901047,3,response_end
Q4,1,JHQ9-ZVTT-CGAR-GVTX,Q4-正式1,3,5,search,0,100,no_signal,618.901047,3,response_end
Q4,1,JHQ9-ZVTT-CGAR-GVTX,Q4-正式1,3,6,search,0,102,no_signal,624.901047,3,response_end
Q4,1,JHQ9-ZVTT-CGAR-GVTX,Q4-正式1,3,8,search,0,104,no_signal,630.901047,3,response_end
Q4,1,JHQ9-ZVTT-CGAR-GVTX,Q4-正式1,3,10,search,0,106,no_signal,636.901047,3,response_end
Q4,1,JHQ9-ZVTT-CGAR-GVTX,Q4-正式1,3,11,search,0,108,no_signal,642.901047,3,response_end
Q4,1,JHQ9-ZVTT-CGAR-GVTX,Q4-正式1,3,12,search,1,110,no_signal,648.901047,3,response_end
Q4,1,JHQ9-ZVTT-CGAR-GVTX,Q4-正式1,3,13,search,0,112,no_signal,654.901047,3,response_end
Q4,1,JHQ9-ZVTT-CGAR-GVTX,Q4-正式1,3,14,search,0,114,no_signal,660.901047,3,response_end
Q4,1,JHQ9-ZVTT-CGAR-GVTX,Q4-正式1,3,15,search,0,116,no_signal,666.901047,3,response_end
Q4,1,JHQ9-ZVTT-CGAR-GVTX,Q4-正式1,3,17,search,0,118,no_signal,672.901047,3,response_end
Q4,1,JHQ9-ZVTT-CGAR-GVTX,Q4-正式1,3,20,search,0,122,no_signal,684.901047,3,response_end
Q4,1,JHQ9-ZVTT-CGAR-GVTX,Q4-正式1,3,20,search,0,124,no_signal,788.252284,3,response_end
Q4,1,JHQ9-ZVTT-CGAR-GVTX,Q4-正式1,3,2,search,0,128,no_signal,800.252284,3,response_end
Q4,1,JHQ9-ZVTT-CGAR-GVTX,Q4-正式1,3,4,search,0,132,no_signal,812.252284,3,response_end
Q4,1,JHQ9-ZVTT-CGAR-GVTX,Q4-正式1,3,5,search,0,134,no_signal,818.252284,3,response_end
Q4,1,JHQ9-ZVTT-CGAR-GVTX,Q4-正式1,3,6,search,0,136,no_signal,824.252284,3,response_end
Q4,1,JHQ9-ZVTT-CGAR-GVTX,Q4-正式1,3,8,search,0,138,no_signal,830.252284,3,response_end
Q4,1,JHQ9-ZVTT-CGAR-GVTX,Q4-正式1,3,10,search,0,140,no_signal,836.252284,3,response_end
Q4,1,JHQ9-ZVTT-CGAR-GVTX,Q4-正式1,3,11,search,0,142,no_signal,842.252284,3,response_end
Q4,1,JHQ9-ZVTT-CGAR-GVTX,Q4-正式1,3,13,search,0,144,no_signal,848.252284,3,response_end
Q4,1,JHQ9-ZVTT-CGAR-GVTX,Q4-正式1,3,14,search,0,146,no_signal,854.252284,3,response_end
Q4,1,JHQ9-ZVTT-CGAR-GVTX,Q4-正式1,3,15,search,0,148,no_signal,860.252284,3,response_end
Q4,1,JHQ9-ZVTT-CGAR-GVTX,Q4-正式1,3,19,search,0,152,no_signal,872.252284,3,response_end
Q4,1,JHQ9-ZVTT-CGAR-GVTX,Q4-正式1,3,3,optical_fallback,1,154,optical_fallback_start,872.252284,3,preceding_response_end
Q4,1,JHQ9-ZVTT-CGAR-GVTX,Q4-正式1,3,3,optical_fallback,1,154,optical_fallback_success,958.200832,4,response_end
Q4,1,JHQ9-ZVTT-CGAR-GVTX,Q4-正式1,4,19,search,0,156,no_signal,998.097579,4,response_end
Q4,1,JHQ9-ZVTT-CGAR-GVTX,Q4-正式1,4,2,search,0,160,no_signal,1010.097579,4,response_end
Q4,1,JHQ9-ZVTT-CGAR-GVTX,Q4-正式1,4,4,search,0,162,no_signal,1016.097579,4,response_end
Q4,1,JHQ9-ZVTT-CGAR-GVTX,Q4-正式1,4,5,search,0,164,no_signal,1022.097579,4,response_end
Q4,1,JHQ9-ZVTT-CGAR-GVTX,Q4-正式1,4,6,search,0,166,no_signal,1028.097579,4,response_end
Q4,1,JHQ9-ZVTT-CGAR-GVTX,Q4-正式1,4,8,search,0,168,no_signal,1034.097579,4,response_end
Q4,1,JHQ9-ZVTT-CGAR-GVTX,Q4-正式1,4,10,search,0,170,no_signal,1040.097579,4,response_end
Q4,1,JHQ9-ZVTT-CGAR-GVTX,Q4-正式1,4,12,search,1,174,no_signal,1052.097579,4,response_end
Q4,1,JHQ9-ZVTT-CGAR-GVTX,Q4-正式1,4,13,search,0,176,no_signal,1058.097579,4,response_end
Q4,1,JHQ9-ZVTT-CGAR-GVTX,Q4-正式1,4,14,search,0,178,no_signal,1064.097579,4,response_end
Q4,1,JHQ9-ZVTT-CGAR-GVTX,Q4-正式1,4,15,search,0,180,no_signal,1070.097579,4,response_end
Q4,1,JHQ9-ZVTT-CGAR-GVTX,Q4-正式1,4,20,search,0,184,no_signal,1082.097579,4,response_end
Q4,1,JHQ9-ZVTT-CGAR-GVTX,Q4-正式1,4,20,search,0,186,no_signal,1185.448816,4,response_end
Q4,1,JHQ9-ZVTT-CGAR-GVTX,Q4-正式1,4,2,search,0,188,no_signal,1191.448816,4,response_end
Q4,1,JHQ9-ZVTT-CGAR-GVTX,Q4-正式1,4,4,search,0,190,no_signal,1197.448816,4,response_end
Q4,1,JHQ9-ZVTT-CGAR-GVTX,Q4-正式1,4,5,search,0,192,no_signal,1203.448816,4,response_end
Q4,1,JHQ9-ZVTT-CGAR-GVTX,Q4-正式1,4,6,search,0,194,no_signal,1209.448816,4,response_end
Q4,1,JHQ9-ZVTT-CGAR-GVTX,Q4-正式1,4,8,search,0,196,no_signal,1215.448816,4,response_end
Q4,1,JHQ9-ZVTT-CGAR-GVTX,Q4-正式1,4,10,search,0,198,no_signal,1221.448816,4,response_end
Q4,1,JHQ9-ZVTT-CGAR-GVTX,Q4-正式1,4,12,search,1,202,no_signal,1233.448816,4,response_end
Q4,1,JHQ9-ZVTT-CGAR-GVTX,Q4-正式1,4,13,search,0,204,no_signal,1239.448816,4,response_end
Q4,1,JHQ9-ZVTT-CGAR-GVTX,Q4-正式1,4,14,search,0,206,no_signal,1245.448816,4,response_end
Q4,1,JHQ9-ZVTT-CGAR-GVTX,Q4-正式1,4,15,search,0,208,no_signal,1251.448816,4,response_end
Q4,1,JHQ9-ZVTT-CGAR-GVTX,Q4-正式1,4,17,search,1,210,no_signal,1257.448816,4,response_end
Q4,1,JHQ9-ZVTT-CGAR-GVTX,Q4-正式1,4,19,search,0,212,no_signal,1263.448816,4,response_end
Q4,1,JHQ9-ZVTT-CGAR-GVTX,Q4-正式1,4,19,search,0,214,no_signal,1366.800053,4,response_end
Q4,1,JHQ9-ZVTT-CGAR-GVTX,Q4-正式1,4,2,search,0,216,no_signal,1372.800053,4,response_end
Q4,1,JHQ9-ZVTT-CGAR-GVTX,Q4-正式1,4,4,search,0,218,no_signal,1378.800053,4,response_end
Q4,1,JHQ9-ZVTT-CGAR-GVTX,Q4-正式1,4,5,search,0,220,no_signal,1384.800053,4,response_end
Q4,1,JHQ9-ZVTT-CGAR-GVTX,Q4-正式1,4,6,search,0,222,no_signal,1390.800053,4,response_end
Q4,1,JHQ9-ZVTT-CGAR-GVTX,Q4-正式1,4,8,search,0,224,no_signal,1396.800053,4,response_end
Q4,1,JHQ9-ZVTT-CGAR-GVTX,Q4-正式1,4,10,search,0,226,no_signal,1402.800053,4,response_end
Q4,1,JHQ9-ZVTT-CGAR-GVTX,Q4-正式1,4,12,search,1,228,no_signal,1408.800053,4,response_end
Q4,1,JHQ9-ZVTT-CGAR-GVTX,Q4-正式1,4,13,search,0,230,no_signal,1414.800053,4,response_end
Q4,1,JHQ9-ZVTT-CGAR-GVTX,Q4-正式1,4,14,search,0,232,no_signal,1420.800053,4,response_end
Q4,1,JHQ9-ZVTT-CGAR-GVTX,Q4-正式1,4,15,search,0,234,no_signal,1426.800053,4,response_end
Q4,1,JHQ9-ZVTT-CGAR-GVTX,Q4-正式1,4,17,search,1,236,no_signal,1432.800053,4,response_end
Q4,1,JHQ9-ZVTT-CGAR-GVTX,Q4-正式1,4,20,search,0,238,no_signal,1438.800053,4,response_end
Q4,1,JHQ9-ZVTT-CGAR-GVTX,Q4-正式1,4,20,search,0,240,no_signal,1542.151290,4,response_end
Q4,1,JHQ9-ZVTT-CGAR-GVTX,Q4-正式1,4,2,search,0,242,no_signal,1548.151290,4,response_end
Q4,1,JHQ9-ZVTT-CGAR-GVTX,Q4-正式1,4,4,search,0,244,no_signal,1554.151290,4,response_end
Q4,1,JHQ9-ZVTT-CGAR-GVTX,Q4-正式1,4,5,search,0,246,no_signal,1560.151290,4,response_end
Q4,1,JHQ9-ZVTT-CGAR-GVTX,Q4-正式1,4,6,search,0,248,no_signal,1566.151290,4,response_end
Q4,1,JHQ9-ZVTT-CGAR-GVTX,Q4-正式1,4,8,search,0,250,no_signal,1572.151290,4,response_end
Q4,1,JHQ9-ZVTT-CGAR-GVTX,Q4-正式1,4,10,search,0,252,no_signal,1578.151290,4,response_end
Q4,1,JHQ9-ZVTT-CGAR-GVTX,Q4-正式1,4,12,search,1,254,no_signal,1584.151290,4,response_end
Q4,1,JHQ9-ZVTT-CGAR-GVTX,Q4-正式1,4,13,search,0,256,no_signal,1590.151290,4,response_end
Q4,1,JHQ9-ZVTT-CGAR-GVTX,Q4-正式1,4,14,search,0,258,no_signal,1596.151290,4,response_end
Q4,1,JHQ9-ZVTT-CGAR-GVTX,Q4-正式1,4,15,search,0,260,no_signal,1602.151290,4,response_end
Q4,1,JHQ9-ZVTT-CGAR-GVTX,Q4-正式1,4,19,search,0,262,no_signal,1608.151290,4,response_end
Q4,1,JHQ9-ZVTT-CGAR-GVTX,Q4-正式1,4,19,search,0,264,no_signal,1711.502527,4,response_end
Q4,1,JHQ9-ZVTT-CGAR-GVTX,Q4-正式1,4,2,search,0,266,no_signal,1717.502527,4,response_end
Q4,1,JHQ9-ZVTT-CGAR-GVTX,Q4-正式1,4,4,search,0,268,no_signal,1723.502527,4,response_end
Q4,1,JHQ9-ZVTT-CGAR-GVTX,Q4-正式1,4,5,search,0,270,no_signal,1729.502527,4,response_end
Q4,1,JHQ9-ZVTT-CGAR-GVTX,Q4-正式1,4,6,search,0,272,no_signal,1735.502527,4,response_end
Q4,1,JHQ9-ZVTT-CGAR-GVTX,Q4-正式1,4,8,search,0,274,no_signal,1741.502527,4,response_end
Q4,1,JHQ9-ZVTT-CGAR-GVTX,Q4-正式1,4,10,search,0,276,no_signal,1747.502527,4,response_end
Q4,1,JHQ9-ZVTT-CGAR-GVTX,Q4-正式1,4,12,search,1,278,no_signal,1753.502527,4,response_end
Q4,1,JHQ9-ZVTT-CGAR-GVTX,Q4-正式1,4,13,search,0,280,no_signal,1759.502527,4,response_end
Q4,1,JHQ9-ZVTT-CGAR-GVTX,Q4-正式1,4,14,search,0,282,no_signal,1765.502527,4,response_end
Q4,1,JHQ9-ZVTT-CGAR-GVTX,Q4-正式1,4,15,search,0,284,no_signal,1771.502527,4,response_end
Q4,1,JHQ9-ZVTT-CGAR-GVTX,Q4-正式1,4,20,search,0,286,no_signal,1777.502527,4,response_end
Q4,1,JHQ9-ZVTT-CGAR-GVTX,Q4-正式1,4,20,search,0,288,no_signal,1880.853764,4,response_end
Q4,1,JHQ9-ZVTT-CGAR-GVTX,Q4-正式1,4,2,search,0,290,no_signal,1886.853764,4,response_end
Q4,1,JHQ9-ZVTT-CGAR-GVTX,Q4-正式1,4,4,search,0,292,no_signal,1892.853764,4,response_end
Q4,1,JHQ9-ZVTT-CGAR-GVTX,Q4-正式1,4,5,search,0,294,no_signal,1898.853764,4,response_end
Q4,1,JHQ9-ZVTT-CGAR-GVTX,Q4-正式1,4,6,search,0,296,no_signal,1904.853764,4,response_end
Q4,1,JHQ9-ZVTT-CGAR-GVTX,Q4-正式1,4,8,search,0,298,no_signal,1910.853764,4,response_end
Q4,1,JHQ9-ZVTT-CGAR-GVTX,Q4-正式1,4,10,search,0,300,no_signal,1916.853764,4,response_end
Q4,1,JHQ9-ZVTT-CGAR-GVTX,Q4-正式1,4,12,search,1,302,no_signal,1922.853764,4,response_end
Q4,1,JHQ9-ZVTT-CGAR-GVTX,Q4-正式1,4,14,search,0,306,no_signal,1934.853764,4,response_end
Q4,1,JHQ9-ZVTT-CGAR-GVTX,Q4-正式1,4,15,search,0,308,no_signal,1940.853764,4,response_end
Q4,1,JHQ9-ZVTT-CGAR-GVTX,Q4-正式1,4,19,search,0,310,no_signal,1946.853764,4,response_end
Q4,1,JHQ9-ZVTT-CGAR-GVTX,Q4-正式1,4,19,search,0,312,no_signal,2050.205001,4,response_end
Q4,1,JHQ9-ZVTT-CGAR-GVTX,Q4-正式1,4,2,search,0,314,no_signal,2056.205001,4,response_end
Q4,1,JHQ9-ZVTT-CGAR-GVTX,Q4-正式1,4,4,search,0,316,no_signal,2062.205001,4,response_end
Q4,1,JHQ9-ZVTT-CGAR-GVTX,Q4-正式1,4,5,search,0,318,no_signal,2068.205001,4,response_end
Q4,1,JHQ9-ZVTT-CGAR-GVTX,Q4-正式1,4,6,search,0,320,no_signal,2074.205001,4,response_end
Q4,1,JHQ9-ZVTT-CGAR-GVTX,Q4-正式1,4,8,search,0,322,no_signal,2080.205001,4,response_end
Q4,1,JHQ9-ZVTT-CGAR-GVTX,Q4-正式1,4,10,search,0,324,no_signal,2086.205001,4,response_end
Q4,1,JHQ9-ZVTT-CGAR-GVTX,Q4-正式1,4,12,search,1,326,no_signal,2092.205001,4,response_end
Q4,1,JHQ9-ZVTT-CGAR-GVTX,Q4-正式1,4,14,search,0,330,no_signal,2104.205001,4,response_end
Q4,1,JHQ9-ZVTT-CGAR-GVTX,Q4-正式1,4,15,search,0,332,no_signal,2110.205001,4,response_end
Q4,1,JHQ9-ZVTT-CGAR-GVTX,Q4-正式1,4,20,search,0,334,no_signal,2116.205001,4,response_end
Q4,1,JHQ9-ZVTT-CGAR-GVTX,Q4-正式1,4,20,search,0,336,no_signal,2219.556238,4,response_end
Q4,1,JHQ9-ZVTT-CGAR-GVTX,Q4-正式1,4,2,search,0,338,no_signal,2225.556238,4,response_end
Q4,1,JHQ9-ZVTT-CGAR-GVTX,Q4-正式1,4,4,search,0,340,no_signal,2231.556238,4,response_end
Q4,1,JHQ9-ZVTT-CGAR-GVTX,Q4-正式1,4,5,search,0,342,no_signal,2237.556238,4,response_end
Q4,1,JHQ9-ZVTT-CGAR-GVTX,Q4-正式1,4,6,search,0,344,no_signal,2243.556238,4,response_end
Q4,1,JHQ9-ZVTT-CGAR-GVTX,Q4-正式1,4,8,search,0,346,no_signal,2249.556238,4,response_end
Q4,1,JHQ9-ZVTT-CGAR-GVTX,Q4-正式1,4,10,search,0,348,no_signal,2255.556238,4,response_end
Q4,1,JHQ9-ZVTT-CGAR-GVTX,Q4-正式1,4,14,search,0,352,no_signal,2267.556238,4,response_end
Q4,1,JHQ9-ZVTT-CGAR-GVTX,Q4-正式1,4,15,search,0,354,no_signal,2273.556238,4,response_end
Q4,1,JHQ9-ZVTT-CGAR-GVTX,Q4-正式1,4,19,search,0,356,no_signal,2279.556238,4,response_end
Q4,1,JHQ9-ZVTT-CGAR-GVTX,Q4-正式1,4,19,search,0,358,no_signal,2382.907475,4,response_end
Q4,1,JHQ9-ZVTT-CGAR-GVTX,Q4-正式1,4,2,search,0,360,no_signal,2388.907475,4,response_end
Q4,1,JHQ9-ZVTT-CGAR-GVTX,Q4-正式1,4,4,search,0,362,no_signal,2394.907475,4,response_end
Q4,1,JHQ9-ZVTT-CGAR-GVTX,Q4-正式1,4,5,search,0,364,no_signal,2400.907475,4,response_end
Q4,1,JHQ9-ZVTT-CGAR-GVTX,Q4-正式1,4,6,search,0,366,no_signal,2406.907475,4,response_end
Q4,1,JHQ9-ZVTT-CGAR-GVTX,Q4-正式1,4,8,search,0,368,no_signal,2412.907475,4,response_end
Q4,1,JHQ9-ZVTT-CGAR-GVTX,Q4-正式1,4,10,search,0,370,no_signal,2418.907475,4,response_end
Q4,1,JHQ9-ZVTT-CGAR-GVTX,Q4-正式1,4,14,search,0,374,no_signal,2430.907475,4,response_end
Q4,1,JHQ9-ZVTT-CGAR-GVTX,Q4-正式1,4,15,search,0,376,no_signal,2436.907475,4,response_end
Q4,1,JHQ9-ZVTT-CGAR-GVTX,Q4-正式1,4,20,search,0,378,no_signal,2442.907475,4,response_end
Q4,1,JHQ9-ZVTT-CGAR-GVTX,Q4-正式1,4,12,optical_fallback,1,380,optical_fallback_start,2442.907475,4,preceding_response_end
Q4,1,JHQ9-ZVTT-CGAR-GVTX,Q4-正式1,4,12,optical_fallback,1,380,optical_fallback_success,2560.774114,5,response_end
Q4,1,JHQ9-ZVTT-CGAR-GVTX,Q4-正式1,5,20,search,0,382,no_signal,2664.979728,5,response_end
Q4,1,JHQ9-ZVTT-CGAR-GVTX,Q4-正式1,5,2,search,0,384,no_signal,2670.979728,5,response_end
Q4,1,JHQ9-ZVTT-CGAR-GVTX,Q4-正式1,5,4,search,0,386,no_signal,2676.979728,5,response_end
Q4,1,JHQ9-ZVTT-CGAR-GVTX,Q4-正式1,5,5,search,0,388,no_signal,2682.979728,5,response_end
Q4,1,JHQ9-ZVTT-CGAR-GVTX,Q4-正式1,5,6,search,0,390,no_signal,2688.979728,5,response_end
Q4,1,JHQ9-ZVTT-CGAR-GVTX,Q4-正式1,5,8,search,0,392,no_signal,2694.979728,5,response_end
Q4,1,JHQ9-ZVTT-CGAR-GVTX,Q4-正式1,5,10,search,0,394,no_signal,2700.979728,5,response_end
Q4,1,JHQ9-ZVTT-CGAR-GVTX,Q4-正式1,5,14,search,0,396,no_signal,2706.979728,5,response_end
Q4,1,JHQ9-ZVTT-CGAR-GVTX,Q4-正式1,5,15,search,0,398,no_signal,2712.979728,5,response_end
Q4,1,JHQ9-ZVTT-CGAR-GVTX,Q4-正式1,5,19,search,0,402,no_signal,2724.979728,5,response_end
Q4,1,JHQ9-ZVTT-CGAR-GVTX,Q4-正式1,5,19,search,0,404,no_signal,2923.576374,5,response_end
Q4,1,JHQ9-ZVTT-CGAR-GVTX,Q4-正式1,5,2,search,0,406,no_signal,2929.576374,5,response_end
Q4,1,JHQ9-ZVTT-CGAR-GVTX,Q4-正式1,5,4,search,0,408,no_signal,2935.576374,5,response_end
Q4,1,JHQ9-ZVTT-CGAR-GVTX,Q4-正式1,5,5,search,0,410,no_signal,2941.576374,5,response_end
Q4,1,JHQ9-ZVTT-CGAR-GVTX,Q4-正式1,5,6,search,0,412,no_signal,2947.576374,5,response_end
Q4,1,JHQ9-ZVTT-CGAR-GVTX,Q4-正式1,5,8,search,0,414,no_signal,2953.576374,5,response_end
Q4,1,JHQ9-ZVTT-CGAR-GVTX,Q4-正式1,5,10,search,0,416,no_signal,2959.576374,5,response_end
Q4,1,JHQ9-ZVTT-CGAR-GVTX,Q4-正式1,5,14,search,0,418,no_signal,2965.576374,5,response_end
Q4,1,JHQ9-ZVTT-CGAR-GVTX,Q4-正式1,5,15,search,0,420,no_signal,2971.576374,5,response_end
Q4,1,JHQ9-ZVTT-CGAR-GVTX,Q4-正式1,5,20,search,0,422,no_signal,2977.576374,5,response_end
Q4,1,JHQ9-ZVTT-CGAR-GVTX,Q4-正式1,6,20,search,0,426,no_signal,3247.082378,6,response_end
Q4,1,JHQ9-ZVTT-CGAR-GVTX,Q4-正式1,6,2,search,0,430,no_signal,3259.082378,6,response_end
Q4,1,JHQ9-ZVTT-CGAR-GVTX,Q4-正式1,6,4,search,0,432,no_signal,3265.082378,6,response_end
Q4,1,JHQ9-ZVTT-CGAR-GVTX,Q4-正式1,6,5,search,0,434,no_signal,3271.082378,6,response_end
Q4,1,JHQ9-ZVTT-CGAR-GVTX,Q4-正式1,6,6,search,0,436,no_signal,3277.082378,6,response_end
Q4,1,JHQ9-ZVTT-CGAR-GVTX,Q4-正式1,6,8,search,0,438,no_signal,3283.082378,6,response_end
Q4,1,JHQ9-ZVTT-CGAR-GVTX,Q4-正式1,6,10,search,0,440,no_signal,3289.082378,6,response_end
Q4,1,JHQ9-ZVTT-CGAR-GVTX,Q4-正式1,6,14,search,0,442,no_signal,3295.082378,6,response_end
Q4,1,JHQ9-ZVTT-CGAR-GVTX,Q4-正式1,6,15,search,0,444,no_signal,3301.082378,6,response_end
Q4,1,JHQ9-ZVTT-CGAR-GVTX,Q4-正式1,6,17,search,1,446,no_signal,3307.082378,6,response_end
Q4,1,JHQ9-ZVTT-CGAR-GVTX,Q4-正式1,6,19,search,0,448,no_signal,3313.082378,6,response_end
Q4,1,JHQ9-ZVTT-CGAR-GVTX,Q4-正式1,7,19,search,0,452,no_signal,3552.099788,7,response_end
Q4,1,JHQ9-ZVTT-CGAR-GVTX,Q4-正式1,7,2,search,0,454,no_signal,3558.099788,7,response_end
Q4,1,JHQ9-ZVTT-CGAR-GVTX,Q4-正式1,7,4,search,0,456,no_signal,3564.099788,7,response_end
Q4,1,JHQ9-ZVTT-CGAR-GVTX,Q4-正式1,7,5,search,0,458,no_signal,3570.099788,7,response_end
Q4,1,JHQ9-ZVTT-CGAR-GVTX,Q4-正式1,7,6,search,0,460,no_signal,3576.099788,7,response_end
Q4,1,JHQ9-ZVTT-CGAR-GVTX,Q4-正式1,7,8,search,0,462,no_signal,3582.099788,7,response_end
Q4,1,JHQ9-ZVTT-CGAR-GVTX,Q4-正式1,7,10,search,0,464,no_signal,3588.099788,7,response_end
Q4,1,JHQ9-ZVTT-CGAR-GVTX,Q4-正式1,7,11,search,1,466,no_signal,3594.099788,7,response_end
Q4,1,JHQ9-ZVTT-CGAR-GVTX,Q4-正式1,7,14,search,0,468,no_signal,3600.099788,7,response_end
Q4,1,JHQ9-ZVTT-CGAR-GVTX,Q4-正式1,7,15,search,0,470,no_signal,3606.099788,7,response_end
Q4,1,JHQ9-ZVTT-CGAR-GVTX,Q4-正式1,7,20,search,0,474,no_signal,3618.099788,7,response_end
Q4,1,JHQ9-ZVTT-CGAR-GVTX,Q4-正式1,8,11,optical_fallback,1,478,optical_fallback_start,3741.263428,8,preceding_response_end
Q4,1,JHQ9-ZVTT-CGAR-GVTX,Q4-正式1,8,11,optical_fallback,1,478,optical_fallback_success,3767.048838,9,response_end
Q4,1,JHQ9-ZVTT-CGAR-GVTX,Q4-正式1,9,20,search,0,480,no_signal,3855.908378,9,response_end
Q4,1,JHQ9-ZVTT-CGAR-GVTX,Q4-正式1,9,2,search,0,482,no_signal,3861.908378,9,response_end
Q4,1,JHQ9-ZVTT-CGAR-GVTX,Q4-正式1,9,4,search,0,484,no_signal,3867.908378,9,response_end
Q4,1,JHQ9-ZVTT-CGAR-GVTX,Q4-正式1,9,5,search,0,486,no_signal,3873.908378,9,response_end
Q4,1,JHQ9-ZVTT-CGAR-GVTX,Q4-正式1,9,6,search,0,488,no_signal,3879.908378,9,response_end
Q4,1,JHQ9-ZVTT-CGAR-GVTX,Q4-正式1,9,8,search,0,490,no_signal,3885.908378,9,response_end
Q4,1,JHQ9-ZVTT-CGAR-GVTX,Q4-正式1,9,10,search,0,492,no_signal,3891.908378,9,response_end
Q4,1,JHQ9-ZVTT-CGAR-GVTX,Q4-正式1,9,14,search,0,494,no_signal,3897.908378,9,response_end
Q4,1,JHQ9-ZVTT-CGAR-GVTX,Q4-正式1,9,15,search,0,496,no_signal,3903.908378,9,response_end
Q4,1,JHQ9-ZVTT-CGAR-GVTX,Q4-正式1,9,19,search,0,498,no_signal,3909.908378,9,response_end
Q4,1,JHQ9-ZVTT-CGAR-GVTX,Q4-正式1,9,19,search,0,500,no_signal,4108.505024,9,response_end
Q4,1,JHQ9-ZVTT-CGAR-GVTX,Q4-正式1,9,2,search,0,502,no_signal,4114.505024,9,response_end
Q4,1,JHQ9-ZVTT-CGAR-GVTX,Q4-正式1,9,4,search,0,504,no_signal,4120.505024,9,response_end
Q4,1,JHQ9-ZVTT-CGAR-GVTX,Q4-正式1,9,5,search,0,506,no_signal,4126.505024,9,response_end
Q4,1,JHQ9-ZVTT-CGAR-GVTX,Q4-正式1,9,6,search,0,508,no_signal,4132.505024,9,response_end
Q4,1,JHQ9-ZVTT-CGAR-GVTX,Q4-正式1,9,8,search,0,510,no_signal,4138.505024,9,response_end
Q4,1,JHQ9-ZVTT-CGAR-GVTX,Q4-正式1,9,10,search,0,512,no_signal,4144.505024,9,response_end
Q4,1,JHQ9-ZVTT-CGAR-GVTX,Q4-正式1,9,14,search,0,514,no_signal,4150.505024,9,response_end
Q4,1,JHQ9-ZVTT-CGAR-GVTX,Q4-正式1,9,15,search,0,516,no_signal,4156.505024,9,response_end
Q4,1,JHQ9-ZVTT-CGAR-GVTX,Q4-正式1,9,20,search,0,518,no_signal,4162.505024,9,response_end
Q4,1,JHQ9-ZVTT-CGAR-GVTX,Q4-正式1,9,20,search,0,520,no_signal,4361.101670,9,response_end
Q4,1,JHQ9-ZVTT-CGAR-GVTX,Q4-正式1,9,2,search,0,522,no_signal,4367.101670,9,response_end
Q4,1,JHQ9-ZVTT-CGAR-GVTX,Q4-正式1,9,4,search,0,524,no_signal,4373.101670,9,response_end
Q4,1,JHQ9-ZVTT-CGAR-GVTX,Q4-正式1,9,5,search,0,526,no_signal,4379.101670,9,response_end
Q4,1,JHQ9-ZVTT-CGAR-GVTX,Q4-正式1,9,6,search,0,528,no_signal,4385.101670,9,response_end
Q4,1,JHQ9-ZVTT-CGAR-GVTX,Q4-正式1,9,8,search,0,530,no_signal,4391.101670,9,response_end
Q4,1,JHQ9-ZVTT-CGAR-GVTX,Q4-正式1,9,10,search,0,532,no_signal,4397.101670,9,response_end
Q4,1,JHQ9-ZVTT-CGAR-GVTX,Q4-正式1,9,14,search,0,534,no_signal,4403.101670,9,response_end
Q4,1,JHQ9-ZVTT-CGAR-GVTX,Q4-正式1,9,15,search,0,536,no_signal,4409.101670,9,response_end
Q4,1,JHQ9-ZVTT-CGAR-GVTX,Q4-正式1,9,19,search,0,538,no_signal,4415.101670,9,response_end
Q4,1,JHQ9-ZVTT-CGAR-GVTX,Q4-正式1,9,19,search,0,540,no_signal,4613.698316,9,response_end
Q4,1,JHQ9-ZVTT-CGAR-GVTX,Q4-正式1,9,2,search,0,542,no_signal,4619.698316,9,response_end
Q4,1,JHQ9-ZVTT-CGAR-GVTX,Q4-正式1,9,4,search,0,544,no_signal,4625.698316,9,response_end
Q4,1,JHQ9-ZVTT-CGAR-GVTX,Q4-正式1,9,5,search,0,546,no_signal,4631.698316,9,response_end
Q4,1,JHQ9-ZVTT-CGAR-GVTX,Q4-正式1,9,6,search,0,548,no_signal,4637.698316,9,response_end
Q4,1,JHQ9-ZVTT-CGAR-GVTX,Q4-正式1,9,8,search,0,550,no_signal,4643.698316,9,response_end
Q4,1,JHQ9-ZVTT-CGAR-GVTX,Q4-正式1,9,10,search,0,552,no_signal,4649.698316,9,response_end
Q4,1,JHQ9-ZVTT-CGAR-GVTX,Q4-正式1,9,14,search,0,554,no_signal,4655.698316,9,response_end
Q4,1,JHQ9-ZVTT-CGAR-GVTX,Q4-正式1,9,15,search,0,556,no_signal,4661.698316,9,response_end
Q4,1,JHQ9-ZVTT-CGAR-GVTX,Q4-正式1,9,20,search,0,558,no_signal,4667.698316,9,response_end
Q4,1,JHQ9-ZVTT-CGAR-GVTX,Q4-正式1,9,20,search,0,560,no_signal,4866.294962,9,response_end
Q4,1,JHQ9-ZVTT-CGAR-GVTX,Q4-正式1,9,2,search,0,562,no_signal,4872.294962,9,response_end
Q4,1,JHQ9-ZVTT-CGAR-GVTX,Q4-正式1,9,4,search,0,564,no_signal,4878.294962,9,response_end
Q4,1,JHQ9-ZVTT-CGAR-GVTX,Q4-正式1,9,5,search,0,566,no_signal,4884.294962,9,response_end
Q4,1,JHQ9-ZVTT-CGAR-GVTX,Q4-正式1,9,6,search,0,568,no_signal,4890.294962,9,response_end
Q4,1,JHQ9-ZVTT-CGAR-GVTX,Q4-正式1,9,8,search,0,570,no_signal,4896.294962,9,response_end
Q4,1,JHQ9-ZVTT-CGAR-GVTX,Q4-正式1,9,10,search,0,572,no_signal,4902.294962,9,response_end
Q4,1,JHQ9-ZVTT-CGAR-GVTX,Q4-正式1,9,14,search,0,574,no_signal,4908.294962,9,response_end
Q4,1,JHQ9-ZVTT-CGAR-GVTX,Q4-正式1,9,15,search,0,576,no_signal,4914.294962,9,response_end
Q4,1,JHQ9-ZVTT-CGAR-GVTX,Q4-正式1,9,19,search,0,578,no_signal,4920.294962,9,response_end
Q4,1,JHQ9-ZVTT-CGAR-GVTX,Q4-正式1,9,19,search,0,580,no_signal,5118.891608,9,response_end
Q4,1,JHQ9-ZVTT-CGAR-GVTX,Q4-正式1,9,2,search,0,582,no_signal,5124.891608,9,response_end
Q4,1,JHQ9-ZVTT-CGAR-GVTX,Q4-正式1,9,4,search,0,584,no_signal,5130.891608,9,response_end
Q4,1,JHQ9-ZVTT-CGAR-GVTX,Q4-正式1,9,5,search,0,586,no_signal,5136.891608,9,response_end
Q4,1,JHQ9-ZVTT-CGAR-GVTX,Q4-正式1,9,6,search,0,588,no_signal,5142.891608,9,response_end
Q4,1,JHQ9-ZVTT-CGAR-GVTX,Q4-正式1,9,8,search,0,590,no_signal,5148.891608,9,response_end
Q4,1,JHQ9-ZVTT-CGAR-GVTX,Q4-正式1,9,10,search,0,592,no_signal,5154.891608,9,response_end
Q4,1,JHQ9-ZVTT-CGAR-GVTX,Q4-正式1,9,14,search,0,594,no_signal,5160.891608,9,response_end
Q4,1,JHQ9-ZVTT-CGAR-GVTX,Q4-正式1,9,15,search,0,596,no_signal,5166.891608,9,response_end
Q4,1,JHQ9-ZVTT-CGAR-GVTX,Q4-正式1,9,20,search,0,598,no_signal,5172.891608,9,response_end
Q4,1,JHQ9-ZVTT-CGAR-GVTX,Q4-正式1,9,13,optical_fallback,1,600,optical_fallback_start,5172.891608,9,preceding_response_end
Q4,1,JHQ9-ZVTT-CGAR-GVTX,Q4-正式1,9,13,optical_fallback,1,600,optical_fallback_success,5291.925448,10,response_end
Q4,1,JHQ9-ZVTT-CGAR-GVTX,Q4-正式1,10,20,search,0,602,no_signal,5449.114275,10,response_end
Q4,1,JHQ9-ZVTT-CGAR-GVTX,Q4-正式1,10,2,search,0,604,no_signal,5455.114275,10,response_end
Q4,1,JHQ9-ZVTT-CGAR-GVTX,Q4-正式1,10,4,search,0,606,no_signal,5461.114275,10,response_end
Q4,1,JHQ9-ZVTT-CGAR-GVTX,Q4-正式1,10,5,search,0,608,no_signal,5467.114275,10,response_end
Q4,1,JHQ9-ZVTT-CGAR-GVTX,Q4-正式1,10,6,search,0,610,no_signal,5473.114275,10,response_end
Q4,1,JHQ9-ZVTT-CGAR-GVTX,Q4-正式1,10,8,search,0,612,no_signal,5479.114275,10,response_end
Q4,1,JHQ9-ZVTT-CGAR-GVTX,Q4-正式1,10,10,search,0,614,no_signal,5485.114275,10,response_end
Q4,1,JHQ9-ZVTT-CGAR-GVTX,Q4-正式1,10,14,search,0,616,no_signal,5491.114275,10,response_end
Q4,1,JHQ9-ZVTT-CGAR-GVTX,Q4-正式1,10,15,search,0,618,no_signal,5497.114275,10,response_end
Q4,1,JHQ9-ZVTT-CGAR-GVTX,Q4-正式1,10,19,search,0,620,no_signal,5503.114275,10,response_end
Q4,1,JHQ9-ZVTT-CGAR-GVTX,Q4-正式1,10,19,search,0,622,no_signal,5701.710921,10,response_end
Q4,1,JHQ9-ZVTT-CGAR-GVTX,Q4-正式1,10,2,search,0,624,no_signal,5707.710921,10,response_end
Q4,1,JHQ9-ZVTT-CGAR-GVTX,Q4-正式1,10,4,search,0,626,no_signal,5713.710921,10,response_end
Q4,1,JHQ9-ZVTT-CGAR-GVTX,Q4-正式1,10,5,search,0,628,no_signal,5719.710921,10,response_end
Q4,1,JHQ9-ZVTT-CGAR-GVTX,Q4-正式1,10,6,search,0,630,no_signal,5725.710921,10,response_end
Q4,1,JHQ9-ZVTT-CGAR-GVTX,Q4-正式1,10,8,search,0,632,no_signal,5731.710921,10,response_end
Q4,1,JHQ9-ZVTT-CGAR-GVTX,Q4-正式1,10,10,search,0,634,no_signal,5737.710921,10,response_end
Q4,1,JHQ9-ZVTT-CGAR-GVTX,Q4-正式1,10,14,search,0,636,no_signal,5743.710921,10,response_end
Q4,1,JHQ9-ZVTT-CGAR-GVTX,Q4-正式1,10,15,search,0,638,no_signal,5749.710921,10,response_end
Q4,1,JHQ9-ZVTT-CGAR-GVTX,Q4-正式1,10,20,search,0,640,no_signal,5755.710921,10,response_end
Q4,2,SXAN-9UWV-2X8Z-GZ58,Q4-正式2,0,1,search,0,4,no_signal,5.000000,0,response_end
Q4,2,SXAN-9UWV-2X8Z-GZ58,Q4-正式2,0,3,search,0,8,no_signal,17.000000,0,response_end
Q4,2,SXAN-9UWV-2X8Z-GZ58,Q4-正式2,0,4,search,0,10,no_signal,23.000000,0,response_end
Q4,2,SXAN-9UWV-2X8Z-GZ58,Q4-正式2,0,6,search,0,14,no_signal,35.000000,0,response_end
Q4,2,SXAN-9UWV-2X8Z-GZ58,Q4-正式2,0,7,search,0,16,no_signal,41.000000,0,response_end
Q4,2,SXAN-9UWV-2X8Z-GZ58,Q4-正式2,0,8,search,0,18,no_signal,47.000000,0,response_end
Q4,2,SXAN-9UWV-2X8Z-GZ58,Q4-正式2,0,12,search,0,26,no_signal,71.000000,0,response_end
Q4,2,SXAN-9UWV-2X8Z-GZ58,Q4-正式2,0,14,search,0,30,no_signal,83.000000,0,response_end
Q4,2,SXAN-9UWV-2X8Z-GZ58,Q4-正式2,0,16,search,0,34,no_signal,95.000000,0,response_end
Q4,2,SXAN-9UWV-2X8Z-GZ58,Q4-正式2,0,19,search,0,40,no_signal,113.000000,0,response_end
Q4,2,SXAN-9UWV-2X8Z-GZ58,Q4-正式2,0,20,search,1,44,no_signal,314.000000,0,response_end
Q4,2,SXAN-9UWV-2X8Z-GZ58,Q4-正式2,0,1,search,0,46,no_signal,320.000000,0,response_end
Q4,2,SXAN-9UWV-2X8Z-GZ58,Q4-正式2,0,3,search,0,50,no_signal,332.000000,0,response_end
Q4,2,SXAN-9UWV-2X8Z-GZ58,Q4-正式2,0,4,search,0,52,no_signal,338.000000,0,response_end
Q4,2,SXAN-9UWV-2X8Z-GZ58,Q4-正式2,0,6,search,0,56,no_signal,350.000000,0,response_end
Q4,2,SXAN-9UWV-2X8Z-GZ58,Q4-正式2,0,7,search,0,58,no_signal,356.000000,0,response_end
Q4,2,SXAN-9UWV-2X8Z-GZ58,Q4-正式2,0,8,search,0,60,no_signal,362.000000,0,response_end
Q4,2,SXAN-9UWV-2X8Z-GZ58,Q4-正式2,0,11,search,1,66,no_signal,380.000000,0,response_end
Q4,2,SXAN-9UWV-2X8Z-GZ58,Q4-正式2,0,12,search,0,68,no_signal,386.000000,0,response_end
Q4,2,SXAN-9UWV-2X8Z-GZ58,Q4-正式2,0,14,search,0,72,no_signal,398.000000,0,response_end
Q4,2,SXAN-9UWV-2X8Z-GZ58,Q4-正式2,0,16,search,0,76,no_signal,410.000000,0,response_end
Q4,2,SXAN-9UWV-2X8Z-GZ58,Q4-正式2,0,17,search,1,78,no_signal,416.000000,0,response_end
Q4,2,SXAN-9UWV-2X8Z-GZ58,Q4-正式2,0,18,search,1,80,no_signal,422.000000,0,response_end
Q4,2,SXAN-9UWV-2X8Z-GZ58,Q4-正式2,0,19,search,0,82,no_signal,428.000000,0,response_end
Q4,2,SXAN-9UWV-2X8Z-GZ58,Q4-正式2,0,13,optical_fallback,1,84,optical_fallback_start,428.000000,0,preceding_response_end
Q4,2,SXAN-9UWV-2X8Z-GZ58,Q4-正式2,0,13,optical_fallback,1,84,clear_no_target_in_range,456.601620,0,response_end
Q4,2,SXAN-9UWV-2X8Z-GZ58,Q4-正式2,0,13,optical_fallback,1,86,clear_no_target_in_range,463.814551,0,response_end
Q4,2,SXAN-9UWV-2X8Z-GZ58,Q4-正式2,0,13,optical_fallback,1,88,optical_fallback_success,473.027482,1,response_end
Q4,2,SXAN-9UWV-2X8Z-GZ58,Q4-正式2,2,15,optical_fallback,1,92,optical_fallback_start,542.655640,2,preceding_response_end
Q4,2,SXAN-9UWV-2X8Z-GZ58,Q4-正式2,2,15,optical_fallback,1,92,clear_no_target_in_range,625.303918,2,response_end
Q4,2,SXAN-9UWV-2X8Z-GZ58,Q4-正式2,2,15,optical_fallback,1,94,clear_no_target_in_range,632.012048,2,response_end
Q4,2,SXAN-9UWV-2X8Z-GZ58,Q4-正式2,2,15,optical_fallback,1,96,optical_fallback_success,640.767262,3,response_end
Q4,2,SXAN-9UWV-2X8Z-GZ58,Q4-正式2,3,19,search,0,98,no_signal,672.127178,3,response_end
Q4,2,SXAN-9UWV-2X8Z-GZ58,Q4-正式2,3,1,search,0,100,no_signal,678.127178,3,response_end
Q4,2,SXAN-9UWV-2X8Z-GZ58,Q4-正式2,3,3,search,0,102,no_signal,684.127178,3,response_end
Q4,2,SXAN-9UWV-2X8Z-GZ58,Q4-正式2,3,4,search,0,104,no_signal,690.127178,3,response_end
Q4,2,SXAN-9UWV-2X8Z-GZ58,Q4-正式2,3,6,search,0,106,no_signal,696.127178,3,response_end
Q4,2,SXAN-9UWV-2X8Z-GZ58,Q4-正式2,3,7,search,0,108,no_signal,702.127178,3,response_end
Q4,2,SXAN-9UWV-2X8Z-GZ58,Q4-正式2,3,8,search,0,110,no_signal,708.127178,3,response_end
Q4,2,SXAN-9UWV-2X8Z-GZ58,Q4-正式2,3,11,search,1,112,no_signal,714.127178,3,response_end
Q4,2,SXAN-9UWV-2X8Z-GZ58,Q4-正式2,3,12,search,0,114,no_signal,720.127178,3,response_end
Q4,2,SXAN-9UWV-2X8Z-GZ58,Q4-正式2,3,14,search,0,116,no_signal,726.127178,3,response_end
Q4,2,SXAN-9UWV-2X8Z-GZ58,Q4-正式2,3,16,search,0,118,no_signal,732.127178,3,response_end
Q4,2,SXAN-9UWV-2X8Z-GZ58,Q4-正式2,3,17,search,1,120,no_signal,738.127178,3,response_end
Q4,2,SXAN-9UWV-2X8Z-GZ58,Q4-正式2,3,18,search,1,122,no_signal,744.127178,3,response_end
Q4,2,SXAN-9UWV-2X8Z-GZ58,Q4-正式2,3,20,search,1,124,no_signal,750.127178,3,response_end
Q4,2,SXAN-9UWV-2X8Z-GZ58,Q4-正式2,3,20,search,1,126,no_signal,853.478415,3,response_end
Q4,2,SXAN-9UWV-2X8Z-GZ58,Q4-正式2,3,1,search,0,128,no_signal,859.478415,3,response_end
Q4,2,SXAN-9UWV-2X8Z-GZ58,Q4-正式2,3,3,search,0,130,no_signal,865.478415,3,response_end
Q4,2,SXAN-9UWV-2X8Z-GZ58,Q4-正式2,3,4,search,0,132,no_signal,871.478415,3,response_end
Q4,2,SXAN-9UWV-2X8Z-GZ58,Q4-正式2,3,6,search,0,134,no_signal,877.478415,3,response_end
Q4,2,SXAN-9UWV-2X8Z-GZ58,Q4-正式2,3,7,search,0,136,no_signal,883.478415,3,response_end
Q4,2,SXAN-9UWV-2X8Z-GZ58,Q4-正式2,3,8,search,0,138,no_signal,889.478415,3,response_end
Q4,2,SXAN-9UWV-2X8Z-GZ58,Q4-正式2,3,11,search,1,140,no_signal,895.478415,3,response_end
Q4,2,SXAN-9UWV-2X8Z-GZ58,Q4-正式2,3,12,search,0,142,no_signal,901.478415,3,response_end
Q4,2,SXAN-9UWV-2X8Z-GZ58,Q4-正式2,3,14,search,0,144,no_signal,907.478415,3,response_end
Q4,2,SXAN-9UWV-2X8Z-GZ58,Q4-正式2,3,16,search,0,146,no_signal,913.478415,3,response_end
Q4,2,SXAN-9UWV-2X8Z-GZ58,Q4-正式2,3,17,search,1,148,no_signal,919.478415,3,response_end
Q4,2,SXAN-9UWV-2X8Z-GZ58,Q4-正式2,3,19,search,0,150,no_signal,925.478415,3,response_end
Q4,2,SXAN-9UWV-2X8Z-GZ58,Q4-正式2,3,19,search,0,152,no_signal,1028.829652,3,response_end
Q4,2,SXAN-9UWV-2X8Z-GZ58,Q4-正式2,3,1,search,0,154,no_signal,1034.829652,3,response_end
Q4,2,SXAN-9UWV-2X8Z-GZ58,Q4-正式2,3,3,search,0,156,no_signal,1040.829652,3,response_end
Q4,2,SXAN-9UWV-2X8Z-GZ58,Q4-正式2,3,4,search,0,158,no_signal,1046.829652,3,response_end
Q4,2,SXAN-9UWV-2X8Z-GZ58,Q4-正式2,3,6,search,0,160,no_signal,1052.829652,3,response_end
Q4,2,SXAN-9UWV-2X8Z-GZ58,Q4-正式2,3,7,search,0,162,no_signal,1058.829652,3,response_end
Q4,2,SXAN-9UWV-2X8Z-GZ58,Q4-正式2,3,8,search,0,164,no_signal,1064.829652,3,response_end
Q4,2,SXAN-9UWV-2X8Z-GZ58,Q4-正式2,3,11,search,1,166,no_signal,1070.829652,3,response_end
Q4,2,SXAN-9UWV-2X8Z-GZ58,Q4-正式2,3,14,search,0,170,no_signal,1082.829652,3,response_end
Q4,2,SXAN-9UWV-2X8Z-GZ58,Q4-正式2,3,16,search,0,172,no_signal,1088.829652,3,response_end
Q4,2,SXAN-9UWV-2X8Z-GZ58,Q4-正式2,3,17,search,1,174,no_signal,1094.829652,3,response_end
Q4,2,SXAN-9UWV-2X8Z-GZ58,Q4-正式2,3,18,search,1,176,no_signal,1100.829652,3,response_end
Q4,2,SXAN-9UWV-2X8Z-GZ58,Q4-正式2,3,20,search,1,178,no_signal,1106.829652,3,response_end
Q4,2,SXAN-9UWV-2X8Z-GZ58,Q4-正式2,3,20,search,1,180,no_signal,1210.180889,3,response_end
Q4,2,SXAN-9UWV-2X8Z-GZ58,Q4-正式2,3,1,search,0,182,no_signal,1216.180889,3,response_end
Q4,2,SXAN-9UWV-2X8Z-GZ58,Q4-正式2,3,3,search,0,184,no_signal,1222.180889,3,response_end
Q4,2,SXAN-9UWV-2X8Z-GZ58,Q4-正式2,3,4,search,0,186,no_signal,1228.180889,3,response_end
Q4,2,SXAN-9UWV-2X8Z-GZ58,Q4-正式2,3,6,search,0,188,no_signal,1234.180889,3,response_end
Q4,2,SXAN-9UWV-2X8Z-GZ58,Q4-正式2,3,7,search,0,190,no_signal,1240.180889,3,response_end
Q4,2,SXAN-9UWV-2X8Z-GZ58,Q4-正式2,3,8,search,0,192,no_signal,1246.180889,3,response_end
Q4,2,SXAN-9UWV-2X8Z-GZ58,Q4-正式2,3,11,search,1,194,no_signal,1252.180889,3,response_end
Q4,2,SXAN-9UWV-2X8Z-GZ58,Q4-正式2,3,14,search,0,198,no_signal,1264.180889,3,response_end
Q4,2,SXAN-9UWV-2X8Z-GZ58,Q4-正式2,3,16,search,0,200,no_signal,1270.180889,3,response_end
Q4,2,SXAN-9UWV-2X8Z-GZ58,Q4-正式2,3,18,search,1,204,no_signal,1282.180889,3,response_end
Q4,2,SXAN-9UWV-2X8Z-GZ58,Q4-正式2,3,19,search,0,206,no_signal,1288.180889,3,response_end
Q4,2,SXAN-9UWV-2X8Z-GZ58,Q4-正式2,3,19,search,0,208,no_signal,1391.532126,3,response_end
Q4,2,SXAN-9UWV-2X8Z-GZ58,Q4-正式2,3,1,search,0,210,no_signal,1397.532126,3,response_end
Q4,2,SXAN-9UWV-2X8Z-GZ58,Q4-正式2,3,3,search,0,212,no_signal,1403.532126,3,response_end
Q4,2,SXAN-9UWV-2X8Z-GZ58,Q4-正式2,3,4,search,0,214,no_signal,1409.532126,3,response_end
Q4,2,SXAN-9UWV-2X8Z-GZ58,Q4-正式2,3,6,search,0,216,no_signal,1415.532126,3,response_end
Q4,2,SXAN-9UWV-2X8Z-GZ58,Q4-正式2,3,7,search,0,218,no_signal,1421.532126,3,response_end
Q4,2,SXAN-9UWV-2X8Z-GZ58,Q4-正式2,3,8,search,0,220,no_signal,1427.532126,3,response_end
Q4,2,SXAN-9UWV-2X8Z-GZ58,Q4-正式2,3,11,search,1,222,no_signal,1433.532126,3,response_end
Q4,2,SXAN-9UWV-2X8Z-GZ58,Q4-正式2,3,14,search,0,224,no_signal,1439.532126,3,response_end
Q4,2,SXAN-9UWV-2X8Z-GZ58,Q4-正式2,3,16,search,0,226,no_signal,1445.532126,3,response_end
Q4,2,SXAN-9UWV-2X8Z-GZ58,Q4-正式2,3,18,search,1,228,no_signal,1451.532126,3,response_end
Q4,2,SXAN-9UWV-2X8Z-GZ58,Q4-正式2,3,20,search,1,230,no_signal,1457.532126,3,response_end
Q4,2,SXAN-9UWV-2X8Z-GZ58,Q4-正式2,3,1,search,0,234,no_signal,1566.883363,3,response_end
Q4,2,SXAN-9UWV-2X8Z-GZ58,Q4-正式2,3,3,search,0,236,no_signal,1572.883363,3,response_end
Q4,2,SXAN-9UWV-2X8Z-GZ58,Q4-正式2,3,4,search,0,238,no_signal,1578.883363,3,response_end
Q4,2,SXAN-9UWV-2X8Z-GZ58,Q4-正式2,3,6,search,0,240,no_signal,1584.883363,3,response_end
Q4,2,SXAN-9UWV-2X8Z-GZ58,Q4-正式2,3,7,search,0,242,no_signal,1590.883363,3,response_end
Q4,2,SXAN-9UWV-2X8Z-GZ58,Q4-正式2,3,8,search,0,244,no_signal,1596.883363,3,response_end
Q4,2,SXAN-9UWV-2X8Z-GZ58,Q4-正式2,3,11,search,1,246,no_signal,1602.883363,3,response_end
Q4,2,SXAN-9UWV-2X8Z-GZ58,Q4-正式2,3,14,search,0,248,no_signal,1608.883363,3,response_end
Q4,2,SXAN-9UWV-2X8Z-GZ58,Q4-正式2,4,5,optical_fallback,1,258,optical_fallback_start,1748.618181,4,preceding_response_end
Q4,2,SXAN-9UWV-2X8Z-GZ58,Q4-正式2,4,5,optical_fallback,1,258,optical_fallback_success,1832.736593,5,response_end
Q4,2,SXAN-9UWV-2X8Z-GZ58,Q4-正式2,6,19,search,1,262,no_signal,2017.003559,6,response_end
Q4,2,SXAN-9UWV-2X8Z-GZ58,Q4-正式2,6,1,search,0,264,no_signal,2023.003559,6,response_end
Q4,2,SXAN-9UWV-2X8Z-GZ58,Q4-正式2,6,3,search,0,268,no_signal,2035.003559,6,response_end
Q4,2,SXAN-9UWV-2X8Z-GZ58,Q4-正式2,6,4,search,0,270,no_signal,2041.003559,6,response_end
Q4,2,SXAN-9UWV-2X8Z-GZ58,Q4-正式2,6,6,search,0,272,no_signal,2047.003559,6,response_end
Q4,2,SXAN-9UWV-2X8Z-GZ58,Q4-正式2,6,7,search,0,274,no_signal,2053.003559,6,response_end
Q4,2,SXAN-9UWV-2X8Z-GZ58,Q4-正式2,6,8,search,0,276,no_signal,2059.003559,6,response_end
Q4,2,SXAN-9UWV-2X8Z-GZ58,Q4-正式2,6,14,search,0,280,no_signal,2071.003559,6,response_end
Q4,2,SXAN-9UWV-2X8Z-GZ58,Q4-正式2,6,16,search,1,282,no_signal,2077.003559,6,response_end
Q4,2,SXAN-9UWV-2X8Z-GZ58,Q4-正式2,6,20,search,1,284,no_signal,2083.003559,6,response_end
Q4,2,SXAN-9UWV-2X8Z-GZ58,Q4-正式2,6,1,search,0,288,no_signal,2192.354796,6,response_end
Q4,2,SXAN-9UWV-2X8Z-GZ58,Q4-正式2,6,3,search,0,292,no_signal,2204.354796,6,response_end
Q4,2,SXAN-9UWV-2X8Z-GZ58,Q4-正式2,6,4,search,0,294,no_signal,2210.354796,6,response_end
Q4,2,SXAN-9UWV-2X8Z-GZ58,Q4-正式2,6,6,search,0,296,no_signal,2216.354796,6,response_end
Q4,2,SXAN-9UWV-2X8Z-GZ58,Q4-正式2,6,7,search,0,298,no_signal,2222.354796,6,response_end
Q4,2,SXAN-9UWV-2X8Z-GZ58,Q4-正式2,6,16,search,1,306,no_signal,2246.354796,6,response_end
Q4,2,SXAN-9UWV-2X8Z-GZ58,Q4-正式2,6,19,search,1,310,no_signal,2258.354796,6,response_end
Q4,2,SXAN-9UWV-2X8Z-GZ58,Q4-正式2,7,14,optical_fallback,1,316,optical_fallback_start,2383.870550,7,preceding_response_end
Q4,2,SXAN-9UWV-2X8Z-GZ58,Q4-正式2,7,14,optical_fallback,1,316,clear_no_target_in_range,2481.145103,7,response_end
Q4,2,SXAN-9UWV-2X8Z-GZ58,Q4-正式2,7,14,optical_fallback,1,318,optical_fallback_success,2490.345650,8,response_end
Q4,2,SXAN-9UWV-2X8Z-GZ58,Q4-正式2,8,1,search,0,320,no_signal,2568.744813,8,response_end
Q4,2,SXAN-9UWV-2X8Z-GZ58,Q4-正式2,8,3,search,0,322,no_signal,2574.744813,8,response_end
Q4,2,SXAN-9UWV-2X8Z-GZ58,Q4-正式2,8,4,search,0,324,no_signal,2580.744813,8,response_end
Q4,2,SXAN-9UWV-2X8Z-GZ58,Q4-正式2,8,6,search,0,326,no_signal,2586.744813,8,response_end
Q4,2,SXAN-9UWV-2X8Z-GZ58,Q4-正式2,8,7,search,0,328,no_signal,2592.744813,8,response_end
Q4,2,SXAN-9UWV-2X8Z-GZ58,Q4-正式2,8,16,search,1,332,no_signal,2604.744813,8,response_end
Q4,2,SXAN-9UWV-2X8Z-GZ58,Q4-正式2,8,19,search,1,334,no_signal,2610.744813,8,response_end
Q4,2,SXAN-9UWV-2X8Z-GZ58,Q4-正式2,8,19,search,1,336,no_signal,2809.341459,8,response_end
Q4,2,SXAN-9UWV-2X8Z-GZ58,Q4-正式2,8,1,search,0,338,no_signal,2815.341459,8,response_end
Q4,2,SXAN-9UWV-2X8Z-GZ58,Q4-正式2,8,3,search,0,340,no_signal,2821.341459,8,response_end
Q4,2,SXAN-9UWV-2X8Z-GZ58,Q4-正式2,8,4,search,0,342,no_signal,2827.341459,8,response_end
Q4,2,SXAN-9UWV-2X8Z-GZ58,Q4-正式2,8,6,search,0,344,no_signal,2833.341459,8,response_end
Q4,2,SXAN-9UWV-2X8Z-GZ58,Q4-正式2,8,7,search,0,346,no_signal,2839.341459,8,response_end
Q4,2,SXAN-9UWV-2X8Z-GZ58,Q4-正式2,8,16,search,1,348,no_signal,2845.341459,8,response_end
Q4,2,SXAN-9UWV-2X8Z-GZ58,Q4-正式2,8,16,search,1,350,no_signal,3043.938105,8,response_end
Q4,2,SXAN-9UWV-2X8Z-GZ58,Q4-正式2,8,1,search,0,352,no_signal,3049.938105,8,response_end
Q4,2,SXAN-9UWV-2X8Z-GZ58,Q4-正式2,8,3,search,0,354,no_signal,3055.938105,8,response_end
Q4,2,SXAN-9UWV-2X8Z-GZ58,Q4-正式2,8,4,search,0,356,no_signal,3061.938105,8,response_end
Q4,2,SXAN-9UWV-2X8Z-GZ58,Q4-正式2,8,6,search,0,358,no_signal,3067.938105,8,response_end
Q4,2,SXAN-9UWV-2X8Z-GZ58,Q4-正式2,8,7,search,0,360,no_signal,3073.938105,8,response_end
Q4,2,SXAN-9UWV-2X8Z-GZ58,Q4-正式2,8,19,search,1,362,no_signal,3079.938105,8,response_end
Q4,2,SXAN-9UWV-2X8Z-GZ58,Q4-正式2,8,19,search,1,364,no_signal,3278.534751,8,response_end
Q4,2,SXAN-9UWV-2X8Z-GZ58,Q4-正式2,8,1,search,0,366,no_signal,3284.534751,8,response_end
Q4,2,SXAN-9UWV-2X8Z-GZ58,Q4-正式2,8,3,search,0,368,no_signal,3290.534751,8,response_end
Q4,2,SXAN-9UWV-2X8Z-GZ58,Q4-正式2,8,4,search,0,370,no_signal,3296.534751,8,response_end
Q4,2,SXAN-9UWV-2X8Z-GZ58,Q4-正式2,8,6,search,0,372,no_signal,3302.534751,8,response_end
Q4,2,SXAN-9UWV-2X8Z-GZ58,Q4-正式2,8,7,search,0,374,no_signal,3308.534751,8,response_end
Q4,2,SXAN-9UWV-2X8Z-GZ58,Q4-正式2,8,16,search,1,376,no_signal,3314.534751,8,response_end
Q4,2,SXAN-9UWV-2X8Z-GZ58,Q4-正式2,8,16,search,1,378,no_signal,3513.131397,8,response_end
Q4,2,SXAN-9UWV-2X8Z-GZ58,Q4-正式2,8,1,search,0,380,no_signal,3519.131397,8,response_end
Q4,2,SXAN-9UWV-2X8Z-GZ58,Q4-正式2,8,3,search,0,382,no_signal,3525.131397,8,response_end
Q4,2,SXAN-9UWV-2X8Z-GZ58,Q4-正式2,8,4,search,0,384,no_signal,3531.131397,8,response_end
Q4,2,SXAN-9UWV-2X8Z-GZ58,Q4-正式2,8,6,search,0,386,no_signal,3537.131397,8,response_end
Q4,2,SXAN-9UWV-2X8Z-GZ58,Q4-正式2,8,7,search,0,388,no_signal,3543.131397,8,response_end
Q4,2,SXAN-9UWV-2X8Z-GZ58,Q4-正式2,8,19,search,1,390,no_signal,3549.131397,8,response_end
Q4,2,SXAN-9UWV-2X8Z-GZ58,Q4-正式2,8,1,search,0,392,no_signal,3748.728043,8,response_end
Q4,2,SXAN-9UWV-2X8Z-GZ58,Q4-正式2,8,3,search,0,394,no_signal,3754.728043,8,response_end
Q4,2,SXAN-9UWV-2X8Z-GZ58,Q4-正式2,8,4,search,0,396,no_signal,3760.728043,8,response_end
Q4,2,SXAN-9UWV-2X8Z-GZ58,Q4-正式2,8,6,search,0,398,no_signal,3766.728043,8,response_end
Q4,2,SXAN-9UWV-2X8Z-GZ58,Q4-正式2,8,7,search,0,400,no_signal,3772.728043,8,response_end
Q4,2,SXAN-9UWV-2X8Z-GZ58,Q4-正式2,8,16,search,1,404,no_signal,3784.728043,8,response_end
Q4,2,SXAN-9UWV-2X8Z-GZ58,Q4-正式2,8,12,optical_fallback,1,406,optical_fallback_start,3784.728043,8,preceding_response_end
Q4,2,SXAN-9UWV-2X8Z-GZ58,Q4-正式2,8,12,optical_fallback,1,406,optical_fallback_success,3969.690808,9,response_end
Q4,2,SXAN-9UWV-2X8Z-GZ58,Q4-正式2,9,16,search,1,408,no_signal,3998.821199,9,response_end
Q4,2,SXAN-9UWV-2X8Z-GZ58,Q4-正式2,9,1,search,0,410,no_signal,4004.821199,9,response_end
Q4,2,SXAN-9UWV-2X8Z-GZ58,Q4-正式2,9,3,search,0,412,no_signal,4010.821199,9,response_end
Q4,2,SXAN-9UWV-2X8Z-GZ58,Q4-正式2,9,4,search,0,414,no_signal,4016.821199,9,response_end
Q4,2,SXAN-9UWV-2X8Z-GZ58,Q4-正式2,9,6,search,0,416,no_signal,4022.821199,9,response_end
Q4,2,SXAN-9UWV-2X8Z-GZ58,Q4-正式2,9,7,search,0,418,no_signal,4028.821199,9,response_end
Q4,2,SXAN-9UWV-2X8Z-GZ58,Q4-正式2,9,19,search,1,420,no_signal,4034.821199,9,response_end
Q4,2,SXAN-9UWV-2X8Z-GZ58,Q4-正式2,9,19,search,1,422,no_signal,4233.417845,9,response_end
Q4,2,SXAN-9UWV-2X8Z-GZ58,Q4-正式2,9,1,search,0,424,no_signal,4239.417845,9,response_end
Q4,2,SXAN-9UWV-2X8Z-GZ58,Q4-正式2,9,3,search,0,426,no_signal,4245.417845,9,response_end
Q4,2,SXAN-9UWV-2X8Z-GZ58,Q4-正式2,9,4,search,0,428,no_signal,4251.417845,9,response_end
Q4,2,SXAN-9UWV-2X8Z-GZ58,Q4-正式2,9,6,search,0,430,no_signal,4257.417845,9,response_end
Q4,2,SXAN-9UWV-2X8Z-GZ58,Q4-正式2,9,7,search,0,432,no_signal,4263.417845,9,response_end
Q4,2,SXAN-9UWV-2X8Z-GZ58,Q4-正式2,9,16,search,1,434,no_signal,4269.417845,9,response_end
Q4,2,SXAN-9UWV-2X8Z-GZ58,Q4-正式2,9,16,search,1,436,no_signal,4468.014491,9,response_end
Q4,2,SXAN-9UWV-2X8Z-GZ58,Q4-正式2,9,1,search,0,438,no_signal,4474.014491,9,response_end
Q4,2,SXAN-9UWV-2X8Z-GZ58,Q4-正式2,9,3,search,0,440,no_signal,4480.014491,9,response_end
Q4,2,SXAN-9UWV-2X8Z-GZ58,Q4-正式2,9,4,search,0,442,no_signal,4486.014491,9,response_end
Q4,2,SXAN-9UWV-2X8Z-GZ58,Q4-正式2,9,6,search,0,444,no_signal,4492.014491,9,response_end
Q4,2,SXAN-9UWV-2X8Z-GZ58,Q4-正式2,9,7,search,0,446,no_signal,4498.014491,9,response_end
Q4,2,SXAN-9UWV-2X8Z-GZ58,Q4-正式2,9,19,search,1,448,no_signal,4504.014491,9,response_end
Q4,2,SXAN-9UWV-2X8Z-GZ58,Q4-正式2,9,1,search,0,452,no_signal,4708.611137,9,response_end
Q4,2,SXAN-9UWV-2X8Z-GZ58,Q4-正式2,9,3,search,0,454,no_signal,4714.611137,9,response_end
Q4,2,SXAN-9UWV-2X8Z-GZ58,Q4-正式2,9,4,search,0,456,no_signal,4720.611137,9,response_end
Q4,2,SXAN-9UWV-2X8Z-GZ58,Q4-正式2,9,6,search,0,458,no_signal,4726.611137,9,response_end
Q4,2,SXAN-9UWV-2X8Z-GZ58,Q4-正式2,9,7,search,0,460,no_signal,4732.611137,9,response_end
Q4,2,SXAN-9UWV-2X8Z-GZ58,Q4-正式2,11,1,search,0,468,no_signal,4988.194092,11,response_end
Q4,2,SXAN-9UWV-2X8Z-GZ58,Q4-正式2,11,3,search,0,470,no_signal,4994.194092,11,response_end
Q4,2,SXAN-9UWV-2X8Z-GZ58,Q4-正式2,11,4,search,0,472,no_signal,5000.194092,11,response_end
Q4,2,SXAN-9UWV-2X8Z-GZ58,Q4-正式2,11,6,search,0,474,no_signal,5006.194092,11,response_end
Q4,2,SXAN-9UWV-2X8Z-GZ58,Q4-正式2,11,7,search,0,476,no_signal,5012.194092,11,response_end
Q4,2,SXAN-9UWV-2X8Z-GZ58,Q4-正式2,11,7,search,0,478,no_signal,5210.790738,11,response_end
Q4,2,SXAN-9UWV-2X8Z-GZ58,Q4-正式2,11,1,search,0,480,no_signal,5216.790738,11,response_end
Q4,2,SXAN-9UWV-2X8Z-GZ58,Q4-正式2,11,3,search,0,482,no_signal,5222.790738,11,response_end
Q4,2,SXAN-9UWV-2X8Z-GZ58,Q4-正式2,11,4,search,0,484,no_signal,5228.790738,11,response_end
Q4,2,SXAN-9UWV-2X8Z-GZ58,Q4-正式2,11,6,search,0,486,no_signal,5234.790738,11,response_end
Q4,2,SXAN-9UWV-2X8Z-GZ58,Q4-正式2,11,8,optical_fallback,1,490,optical_fallback_start,5240.790738,11,preceding_response_end
Q4,2,SXAN-9UWV-2X8Z-GZ58,Q4-正式2,11,8,optical_fallback,1,490,optical_fallback_success,5398.512044,12,response_end
Q4,2,SXAN-9UWV-2X8Z-GZ58,Q4-正式2,12,1,search,0,492,no_signal,5460.844219,12,response_end
Q4,2,SXAN-9UWV-2X8Z-GZ58,Q4-正式2,12,3,search,0,494,no_signal,5466.844219,12,response_end
Q4,2,SXAN-9UWV-2X8Z-GZ58,Q4-正式2,12,4,search,0,496,no_signal,5472.844219,12,response_end
Q4,2,SXAN-9UWV-2X8Z-GZ58,Q4-正式2,12,6,search,0,498,no_signal,5478.844219,12,response_end
Q4,2,SXAN-9UWV-2X8Z-GZ58,Q4-正式2,12,7,search,0,500,no_signal,5484.844219,12,response_end
Q4,2,SXAN-9UWV-2X8Z-GZ58,Q4-正式2,14,1,search,0,512,no_signal,5661.430617,14,response_end
Q4,2,SXAN-9UWV-2X8Z-GZ58,Q4-正式2,14,3,search,0,514,no_signal,5667.430617,14,response_end
Q4,2,SXAN-9UWV-2X8Z-GZ58,Q4-正式2,14,4,search,0,516,no_signal,5673.430617,14,response_end
Q4,2,SXAN-9UWV-2X8Z-GZ58,Q4-正式2,14,6,search,0,518,no_signal,5679.430617,14,response_end
Q4,2,SXAN-9UWV-2X8Z-GZ58,Q4-正式2,14,7,search,0,520,no_signal,5685.430617,14,response_end
Q4,2,SXAN-9UWV-2X8Z-GZ58,Q4-正式2,15,7,search,0,524,no_signal,5800.431712,15,response_end
Q4,2,SXAN-9UWV-2X8Z-GZ58,Q4-正式2,15,1,search,0,526,no_signal,5806.431712,15,response_end
Q4,2,SXAN-9UWV-2X8Z-GZ58,Q4-正式2,15,3,search,0,528,no_signal,5812.431712,15,response_end
Q4,2,SXAN-9UWV-2X8Z-GZ58,Q4-正式2,15,4,search,0,530,no_signal,5818.431712,15,response_end
Q4,2,SXAN-9UWV-2X8Z-GZ58,Q4-正式2,15,6,search,0,532,no_signal,5824.431712,15,response_end
Q4,3,CEBG-3EHE-MGUQ-H96W,Q4-正式3,0,1,search,0,4,no_signal,5.000000,0,response_end
Q4,3,CEBG-3EHE-MGUQ-H96W,Q4-正式3,0,2,search,0,6,no_signal,11.000000,0,response_end
Q4,3,CEBG-3EHE-MGUQ-H96W,Q4-正式3,0,3,search,0,8,no_signal,17.000000,0,response_end
Q4,3,CEBG-3EHE-MGUQ-H96W,Q4-正式3,0,5,search,0,12,no_signal,29.000000,0,response_end
Q4,3,CEBG-3EHE-MGUQ-H96W,Q4-正式3,0,6,search,0,14,no_signal,35.000000,0,response_end
Q4,3,CEBG-3EHE-MGUQ-H96W,Q4-正式3,0,8,search,0,18,no_signal,47.000000,0,response_end
Q4,3,CEBG-3EHE-MGUQ-H96W,Q4-正式3,0,9,search,0,20,no_signal,53.000000,0,response_end
Q4,3,CEBG-3EHE-MGUQ-H96W,Q4-正式3,0,10,search,0,22,no_signal,59.000000,0,response_end
Q4,3,CEBG-3EHE-MGUQ-H96W,Q4-正式3,0,11,search,0,24,no_signal,65.000000,0,response_end
Q4,3,CEBG-3EHE-MGUQ-H96W,Q4-正式3,0,14,search,0,30,no_signal,83.000000,0,response_end
Q4,3,CEBG-3EHE-MGUQ-H96W,Q4-正式3,0,17,search,0,36,no_signal,101.000000,0,response_end
Q4,3,CEBG-3EHE-MGUQ-H96W,Q4-正式3,0,18,search,0,38,no_signal,107.000000,0,response_end
Q4,3,CEBG-3EHE-MGUQ-H96W,Q4-正式3,0,19,search,0,40,no_signal,113.000000,0,response_end
Q4,3,CEBG-3EHE-MGUQ-H96W,Q4-正式3,0,20,search,0,42,no_signal,119.000000,0,response_end
Q4,3,CEBG-3EHE-MGUQ-H96W,Q4-正式3,0,20,search,0,44,no_signal,314.000000,0,response_end
Q4,3,CEBG-3EHE-MGUQ-H96W,Q4-正式3,0,1,search,0,46,no_signal,320.000000,0,response_end
Q4,3,CEBG-3EHE-MGUQ-H96W,Q4-正式3,0,2,search,0,48,no_signal,326.000000,0,response_end
Q4,3,CEBG-3EHE-MGUQ-H96W,Q4-正式3,0,3,search,0,50,no_signal,332.000000,0,response_end
Q4,3,CEBG-3EHE-MGUQ-H96W,Q4-正式3,0,6,search,0,56,no_signal,350.000000,0,response_end
Q4,3,CEBG-3EHE-MGUQ-H96W,Q4-正式3,0,8,search,0,60,no_signal,362.000000,0,response_end
Q4,3,CEBG-3EHE-MGUQ-H96W,Q4-正式3,0,10,search,0,64,no_signal,374.000000,0,response_end
Q4,3,CEBG-3EHE-MGUQ-H96W,Q4-正式3,0,11,search,0,66,no_signal,380.000000,0,response_end
Q4,3,CEBG-3EHE-MGUQ-H96W,Q4-正式3,0,12,search,1,68,no_signal,386.000000,0,response_end
Q4,3,CEBG-3EHE-MGUQ-H96W,Q4-正式3,0,14,search,0,72,no_signal,398.000000,0,response_end
Q4,3,CEBG-3EHE-MGUQ-H96W,Q4-正式3,0,15,search,1,74,no_signal,404.000000,0,response_end
Q4,3,CEBG-3EHE-MGUQ-H96W,Q4-正式3,0,16,search,1,76,no_signal,410.000000,0,response_end
Q4,3,CEBG-3EHE-MGUQ-H96W,Q4-正式3,0,17,search,0,78,no_signal,416.000000,0,response_end
Q4,3,CEBG-3EHE-MGUQ-H96W,Q4-正式3,0,18,search,0,80,no_signal,422.000000,0,response_end
Q4,3,CEBG-3EHE-MGUQ-H96W,Q4-正式3,0,19,search,0,82,no_signal,428.000000,0,response_end
Q4,3,CEBG-3EHE-MGUQ-H96W,Q4-正式3,0,19,search,0,84,no_signal,531.351237,0,response_end
Q4,3,CEBG-3EHE-MGUQ-H96W,Q4-正式3,0,1,search,0,86,no_signal,537.351237,0,response_end
Q4,3,CEBG-3EHE-MGUQ-H96W,Q4-正式3,0,2,search,0,88,no_signal,543.351237,0,response_end
Q4,3,CEBG-3EHE-MGUQ-H96W,Q4-正式3,0,3,search,0,90,no_signal,549.351237,0,response_end
Q4,3,CEBG-3EHE-MGUQ-H96W,Q4-正式3,0,6,search,0,94,no_signal,561.351237,0,response_end
Q4,3,CEBG-3EHE-MGUQ-H96W,Q4-正式3,0,8,search,0,96,no_signal,567.351237,0,response_end
Q4,3,CEBG-3EHE-MGUQ-H96W,Q4-正式3,0,10,search,0,100,no_signal,579.351237,0,response_end
Q4,3,CEBG-3EHE-MGUQ-H96W,Q4-正式3,0,11,search,0,102,no_signal,585.351237,0,response_end
Q4,3,CEBG-3EHE-MGUQ-H96W,Q4-正式3,0,12,search,1,104,no_signal,591.351237,0,response_end
Q4,3,CEBG-3EHE-MGUQ-H96W,Q4-正式3,0,14,search,0,106,no_signal,597.351237,0,response_end
Q4,3,CEBG-3EHE-MGUQ-H96W,Q4-正式3,0,15,search,1,108,no_signal,603.351237,0,response_end
Q4,3,CEBG-3EHE-MGUQ-H96W,Q4-正式3,0,16,search,1,110,no_signal,609.351237,0,response_end
Q4,3,CEBG-3EHE-MGUQ-H96W,Q4-正式3,0,17,search,0,112,no_signal,615.351237,0,response_end
Q4,3,CEBG-3EHE-MGUQ-H96W,Q4-正式3,0,18,search,0,114,no_signal,621.351237,0,response_end
Q4,3,CEBG-3EHE-MGUQ-H96W,Q4-正式3,0,20,search,0,116,no_signal,627.351237,0,response_end
Q4,3,CEBG-3EHE-MGUQ-H96W,Q4-正式3,0,9,optical_fallback,1,118,optical_fallback_start,627.351237,0,preceding_response_end
Q4,3,CEBG-3EHE-MGUQ-H96W,Q4-正式3,0,9,optical_fallback,1,118,clear_no_target_in_range,788.495499,0,response_end
Q4,3,CEBG-3EHE-MGUQ-H96W,Q4-正式3,0,9,optical_fallback,1,120,clear_no_target_in_range,796.577698,0,response_end
Q4,3,CEBG-3EHE-MGUQ-H96W,Q4-正式3,0,9,optical_fallback,1,122,optical_fallback_success,806.659897,1,response_end
Q4,3,CEBG-3EHE-MGUQ-H96W,Q4-正式3,1,20,search,0,124,no_signal,848.236264,1,response_end
Q4,3,CEBG-3EHE-MGUQ-H96W,Q4-正式3,1,1,search,0,126,no_signal,854.236264,1,response_end
Q4,3,CEBG-3EHE-MGUQ-H96W,Q4-正式3,1,2,search,0,128,no_signal,860.236264,1,response_end
Q4,3,CEBG-3EHE-MGUQ-H96W,Q4-正式3,1,3,search,0,130,no_signal,866.236264,1,response_end
Q4,3,CEBG-3EHE-MGUQ-H96W,Q4-正式3,1,6,search,0,134,no_signal,878.236264,1,response_end
Q4,3,CEBG-3EHE-MGUQ-H96W,Q4-正式3,1,8,search,0,136,no_signal,884.236264,1,response_end
Q4,3,CEBG-3EHE-MGUQ-H96W,Q4-正式3,1,10,search,0,138,no_signal,890.236264,1,response_end
Q4,3,CEBG-3EHE-MGUQ-H96W,Q4-正式3,1,11,search,0,140,no_signal,896.236264,1,response_end
Q4,3,CEBG-3EHE-MGUQ-H96W,Q4-正式3,1,12,search,1,142,no_signal,902.236264,1,response_end
Q4,3,CEBG-3EHE-MGUQ-H96W,Q4-正式3,1,14,search,0,146,no_signal,914.236264,1,response_end
Q4,3,CEBG-3EHE-MGUQ-H96W,Q4-正式3,1,15,search,1,148,no_signal,920.236264,1,response_end
Q4,3,CEBG-3EHE-MGUQ-H96W,Q4-正式3,1,16,search,1,150,no_signal,926.236264,1,response_end
Q4,3,CEBG-3EHE-MGUQ-H96W,Q4-正式3,1,17,search,0,152,no_signal,932.236264,1,response_end
Q4,3,CEBG-3EHE-MGUQ-H96W,Q4-正式3,1,18,search,0,154,no_signal,938.236264,1,response_end
Q4,3,CEBG-3EHE-MGUQ-H96W,Q4-正式3,1,19,search,0,156,no_signal,944.236264,1,response_end
Q4,3,CEBG-3EHE-MGUQ-H96W,Q4-正式3,2,13,optical_fallback,1,160,optical_fallback_start,1123.575237,2,preceding_response_end
Q4,3,CEBG-3EHE-MGUQ-H96W,Q4-正式3,2,13,optical_fallback,1,160,optical_fallback_success,1208.593726,3,response_end
Q4,3,CEBG-3EHE-MGUQ-H96W,Q4-正式3,3,19,search,0,162,no_signal,1317.532412,3,response_end
Q4,3,CEBG-3EHE-MGUQ-H96W,Q4-正式3,3,1,search,0,164,no_signal,1323.532412,3,response_end
Q4,3,CEBG-3EHE-MGUQ-H96W,Q4-正式3,3,2,search,0,166,no_signal,1329.532412,3,response_end
Q4,3,CEBG-3EHE-MGUQ-H96W,Q4-正式3,3,3,search,0,168,no_signal,1335.532412,3,response_end
Q4,3,CEBG-3EHE-MGUQ-H96W,Q4-正式3,3,6,search,0,170,no_signal,1341.532412,3,response_end
Q4,3,CEBG-3EHE-MGUQ-H96W,Q4-正式3,3,7,search,1,172,no_signal,1347.532412,3,response_end
Q4,3,CEBG-3EHE-MGUQ-H96W,Q4-正式3,3,8,search,0,174,no_signal,1353.532412,3,response_end
Q4,3,CEBG-3EHE-MGUQ-H96W,Q4-正式3,3,10,search,0,176,no_signal,1359.532412,3,response_end
Q4,3,CEBG-3EHE-MGUQ-H96W,Q4-正式3,3,11,search,0,178,no_signal,1365.532412,3,response_end
Q4,3,CEBG-3EHE-MGUQ-H96W,Q4-正式3,3,12,search,1,180,no_signal,1371.532412,3,response_end
Q4,3,CEBG-3EHE-MGUQ-H96W,Q4-正式3,3,14,search,0,182,no_signal,1377.532412,3,response_end
Q4,3,CEBG-3EHE-MGUQ-H96W,Q4-正式3,3,15,search,1,184,no_signal,1383.532412,3,response_end
Q4,3,CEBG-3EHE-MGUQ-H96W,Q4-正式3,3,17,search,0,186,no_signal,1389.532412,3,response_end
Q4,3,CEBG-3EHE-MGUQ-H96W,Q4-正式3,3,18,search,0,188,no_signal,1395.532412,3,response_end
Q4,3,CEBG-3EHE-MGUQ-H96W,Q4-正式3,3,20,search,0,190,no_signal,1401.532412,3,response_end
Q4,3,CEBG-3EHE-MGUQ-H96W,Q4-正式3,3,20,search,0,192,no_signal,1600.129058,3,response_end
Q4,3,CEBG-3EHE-MGUQ-H96W,Q4-正式3,3,1,search,0,194,no_signal,1606.129058,3,response_end
Q4,3,CEBG-3EHE-MGUQ-H96W,Q4-正式3,3,2,search,0,196,no_signal,1612.129058,3,response_end
Q4,3,CEBG-3EHE-MGUQ-H96W,Q4-正式3,3,3,search,0,198,no_signal,1618.129058,3,response_end
Q4,3,CEBG-3EHE-MGUQ-H96W,Q4-正式3,3,6,search,0,200,no_signal,1624.129058,3,response_end
Q4,3,CEBG-3EHE-MGUQ-H96W,Q4-正式3,3,8,search,0,204,no_signal,1636.129058,3,response_end
Q4,3,CEBG-3EHE-MGUQ-H96W,Q4-正式3,3,10,search,0,206,no_signal,1642.129058,3,response_end
Q4,3,CEBG-3EHE-MGUQ-H96W,Q4-正式3,3,11,search,0,208,no_signal,1648.129058,3,response_end
Q4,3,CEBG-3EHE-MGUQ-H96W,Q4-正式3,3,12,search,1,210,no_signal,1654.129058,3,response_end
Q4,3,CEBG-3EHE-MGUQ-H96W,Q4-正式3,3,14,search,0,212,no_signal,1660.129058,3,response_end
Q4,3,CEBG-3EHE-MGUQ-H96W,Q4-正式3,3,16,search,1,214,no_signal,1666.129058,3,response_end
Q4,3,CEBG-3EHE-MGUQ-H96W,Q4-正式3,3,17,search,0,216,no_signal,1672.129058,3,response_end
Q4,3,CEBG-3EHE-MGUQ-H96W,Q4-正式3,3,18,search,0,218,no_signal,1678.129058,3,response_end
Q4,3,CEBG-3EHE-MGUQ-H96W,Q4-正式3,3,19,search,0,220,no_signal,1684.129058,3,response_end
Q4,3,CEBG-3EHE-MGUQ-H96W,Q4-正式3,3,19,search,0,222,no_signal,1882.725704,3,response_end
Q4,3,CEBG-3EHE-MGUQ-H96W,Q4-正式3,3,1,search,0,224,no_signal,1888.725704,3,response_end
Q4,3,CEBG-3EHE-MGUQ-H96W,Q4-正式3,3,2,search,0,226,no_signal,1894.725704,3,response_end
Q4,3,CEBG-3EHE-MGUQ-H96W,Q4-正式3,3,3,search,0,228,no_signal,1900.725704,3,response_end
Q4,3,CEBG-3EHE-MGUQ-H96W,Q4-正式3,3,6,search,0,230,no_signal,1906.725704,3,response_end
Q4,3,CEBG-3EHE-MGUQ-H96W,Q4-正式3,3,8,search,0,234,no_signal,1918.725704,3,response_end
Q4,3,CEBG-3EHE-MGUQ-H96W,Q4-正式3,3,10,search,0,236,no_signal,1924.725704,3,response_end
Q4,3,CEBG-3EHE-MGUQ-H96W,Q4-正式3,3,11,search,0,238,no_signal,1930.725704,3,response_end
Q4,3,CEBG-3EHE-MGUQ-H96W,Q4-正式3,3,14,search,0,242,no_signal,1942.725704,3,response_end
Q4,3,CEBG-3EHE-MGUQ-H96W,Q4-正式3,3,15,search,1,244,no_signal,1948.725704,3,response_end
Q4,3,CEBG-3EHE-MGUQ-H96W,Q4-正式3,3,16,search,1,246,no_signal,1954.725704,3,response_end
Q4,3,CEBG-3EHE-MGUQ-H96W,Q4-正式3,3,17,search,0,248,no_signal,1960.725704,3,response_end
Q4,3,CEBG-3EHE-MGUQ-H96W,Q4-正式3,3,18,search,0,250,no_signal,1966.725704,3,response_end
Q4,3,CEBG-3EHE-MGUQ-H96W,Q4-正式3,3,20,search,0,252,no_signal,1972.725704,3,response_end
Q4,3,CEBG-3EHE-MGUQ-H96W,Q4-正式3,3,20,search,0,254,no_signal,2171.322350,3,response_end
Q4,3,CEBG-3EHE-MGUQ-H96W,Q4-正式3,3,1,search,0,256,no_signal,2177.322350,3,response_end
Q4,3,CEBG-3EHE-MGUQ-H96W,Q4-正式3,3,2,search,0,258,no_signal,2183.322350,3,response_end
Q4,3,CEBG-3EHE-MGUQ-H96W,Q4-正式3,3,3,search,0,260,no_signal,2189.322350,3,response_end
Q4,3,CEBG-3EHE-MGUQ-H96W,Q4-正式3,3,6,search,0,262,no_signal,2195.322350,3,response_end
Q4,3,CEBG-3EHE-MGUQ-H96W,Q4-正式3,3,8,search,0,266,no_signal,2207.322350,3,response_end
Q4,3,CEBG-3EHE-MGUQ-H96W,Q4-正式3,3,10,search,0,268,no_signal,2213.322350,3,response_end
Q4,3,CEBG-3EHE-MGUQ-H96W,Q4-正式3,3,11,search,0,270,no_signal,2219.322350,3,response_end
Q4,3,CEBG-3EHE-MGUQ-H96W,Q4-正式3,3,14,search,0,274,no_signal,2231.322350,3,response_end
Q4,3,CEBG-3EHE-MGUQ-H96W,Q4-正式3,3,15,search,1,276,no_signal,2237.322350,3,response_end
Q4,3,CEBG-3EHE-MGUQ-H96W,Q4-正式3,3,16,search,1,278,no_signal,2243.322350,3,response_end
Q4,3,CEBG-3EHE-MGUQ-H96W,Q4-正式3,3,17,search,0,280,no_signal,2249.322350,3,response_end
Q4,3,CEBG-3EHE-MGUQ-H96W,Q4-正式3,3,18,search,0,282,no_signal,2255.322350,3,response_end
Q4,3,CEBG-3EHE-MGUQ-H96W,Q4-正式3,3,12,optical_fallback,1,286,optical_fallback_start,2261.322350,3,preceding_response_end
Q4,3,CEBG-3EHE-MGUQ-H96W,Q4-正式3,3,12,optical_fallback,1,286,optical_fallback_success,2412.964100,4,response_end
Q4,3,CEBG-3EHE-MGUQ-H96W,Q4-正式3,4,1,search,0,290,no_signal,2481.381947,4,response_end
Q4,3,CEBG-3EHE-MGUQ-H96W,Q4-正式3,4,2,search,0,292,no_signal,2487.381947,4,response_end
Q4,3,CEBG-3EHE-MGUQ-H96W,Q4-正式3,4,6,search,0,296,no_signal,2499.381947,4,response_end
Q4,3,CEBG-3EHE-MGUQ-H96W,Q4-正式3,4,8,search,0,298,no_signal,2505.381947,4,response_end
Q4,3,CEBG-3EHE-MGUQ-H96W,Q4-正式3,4,10,search,0,300,no_signal,2511.381947,4,response_end
Q4,3,CEBG-3EHE-MGUQ-H96W,Q4-正式3,4,11,search,0,302,no_signal,2517.381947,4,response_end
Q4,3,CEBG-3EHE-MGUQ-H96W,Q4-正式3,4,14,search,0,304,no_signal,2523.381947,4,response_end
Q4,3,CEBG-3EHE-MGUQ-H96W,Q4-正式3,4,15,search,1,306,no_signal,2529.381947,4,response_end
Q4,3,CEBG-3EHE-MGUQ-H96W,Q4-正式3,4,17,search,0,310,no_signal,2541.381947,4,response_end
Q4,3,CEBG-3EHE-MGUQ-H96W,Q4-正式3,4,18,search,0,312,no_signal,2547.381947,4,response_end
Q4,3,CEBG-3EHE-MGUQ-H96W,Q4-正式3,4,20,search,0,314,no_signal,2553.381947,4,response_end
Q4,3,CEBG-3EHE-MGUQ-H96W,Q4-正式3,4,20,search,0,316,no_signal,2656.733184,4,response_end
Q4,3,CEBG-3EHE-MGUQ-H96W,Q4-正式3,4,1,search,0,318,no_signal,2662.733184,4,response_end
Q4,3,CEBG-3EHE-MGUQ-H96W,Q4-正式3,4,2,search,0,320,no_signal,2668.733184,4,response_end
Q4,3,CEBG-3EHE-MGUQ-H96W,Q4-正式3,4,6,search,0,324,no_signal,2680.733184,4,response_end
Q4,3,CEBG-3EHE-MGUQ-H96W,Q4-正式3,4,8,search,0,328,no_signal,2692.733184,4,response_end
Q4,3,CEBG-3EHE-MGUQ-H96W,Q4-正式3,4,10,search,0,330,no_signal,2698.733184,4,response_end
Q4,3,CEBG-3EHE-MGUQ-H96W,Q4-正式3,4,11,search,0,332,no_signal,2704.733184,4,response_end
Q4,3,CEBG-3EHE-MGUQ-H96W,Q4-正式3,4,14,search,0,334,no_signal,2710.733184,4,response_end
Q4,3,CEBG-3EHE-MGUQ-H96W,Q4-正式3,4,15,search,1,336,no_signal,2716.733184,4,response_end
Q4,3,CEBG-3EHE-MGUQ-H96W,Q4-正式3,4,17,search,0,338,no_signal,2722.733184,4,response_end
Q4,3,CEBG-3EHE-MGUQ-H96W,Q4-正式3,4,18,search,0,340,no_signal,2728.733184,4,response_end
Q4,3,CEBG-3EHE-MGUQ-H96W,Q4-正式3,5,18,search,0,344,no_signal,2888.000133,5,response_end
Q4,3,CEBG-3EHE-MGUQ-H96W,Q4-正式3,5,1,search,0,346,no_signal,2894.000133,5,response_end
Q4,3,CEBG-3EHE-MGUQ-H96W,Q4-正式3,5,2,search,0,348,no_signal,2900.000133,5,response_end
Q4,3,CEBG-3EHE-MGUQ-H96W,Q4-正式3,5,6,search,0,352,no_signal,2912.000133,5,response_end
Q4,3,CEBG-3EHE-MGUQ-H96W,Q4-正式3,5,8,search,0,354,no_signal,2918.000133,5,response_end
Q4,3,CEBG-3EHE-MGUQ-H96W,Q4-正式3,5,10,search,0,356,no_signal,2924.000133,5,response_end
Q4,3,CEBG-3EHE-MGUQ-H96W,Q4-正式3,5,11,search,0,358,no_signal,2930.000133,5,response_end
Q4,3,CEBG-3EHE-MGUQ-H96W,Q4-正式3,5,14,search,0,360,no_signal,2936.000133,5,response_end
Q4,3,CEBG-3EHE-MGUQ-H96W,Q4-正式3,5,15,search,1,362,no_signal,2942.000133,5,response_end
Q4,3,CEBG-3EHE-MGUQ-H96W,Q4-正式3,5,17,search,0,364,no_signal,2948.000133,5,response_end
Q4,3,CEBG-3EHE-MGUQ-H96W,Q4-正式3,5,20,search,0,366,no_signal,2954.000133,5,response_end
Q4,3,CEBG-3EHE-MGUQ-H96W,Q4-正式3,5,20,search,0,368,no_signal,3057.351370,5,response_end
Q4,3,CEBG-3EHE-MGUQ-H96W,Q4-正式3,5,1,search,0,370,no_signal,3063.351370,5,response_end
Q4,3,CEBG-3EHE-MGUQ-H96W,Q4-正式3,5,2,search,0,372,no_signal,3069.351370,5,response_end
Q4,3,CEBG-3EHE-MGUQ-H96W,Q4-正式3,5,6,search,0,374,no_signal,3075.351370,5,response_end
Q4,3,CEBG-3EHE-MGUQ-H96W,Q4-正式3,5,8,search,0,376,no_signal,3081.351370,5,response_end
Q4,3,CEBG-3EHE-MGUQ-H96W,Q4-正式3,5,10,search,0,378,no_signal,3087.351370,5,response_end
Q4,3,CEBG-3EHE-MGUQ-H96W,Q4-正式3,5,11,search,0,380,no_signal,3093.351370,5,response_end
Q4,3,CEBG-3EHE-MGUQ-H96W,Q4-正式3,5,14,search,0,382,no_signal,3099.351370,5,response_end
Q4,3,CEBG-3EHE-MGUQ-H96W,Q4-正式3,5,15,search,1,384,no_signal,3105.351370,5,response_end
Q4,3,CEBG-3EHE-MGUQ-H96W,Q4-正式3,5,17,search,0,386,no_signal,3111.351370,5,response_end
Q4,3,CEBG-3EHE-MGUQ-H96W,Q4-正式3,5,18,search,0,388,no_signal,3117.351370,5,response_end
Q4,3,CEBG-3EHE-MGUQ-H96W,Q4-正式3,6,16,optical_fallback,1,392,optical_fallback_start,3310.798387,6,preceding_response_end
Q4,3,CEBG-3EHE-MGUQ-H96W,Q4-正式3,6,16,optical_fallback,1,392,optical_fallback_success,3422.253738,7,response_end
Q4,3,CEBG-3EHE-MGUQ-H96W,Q4-正式3,7,18,search,0,394,no_signal,3555.773112,7,response_end
Q4,3,CEBG-3EHE-MGUQ-H96W,Q4-正式3,7,1,search,0,396,no_signal,3561.773112,7,response_end
Q4,3,CEBG-3EHE-MGUQ-H96W,Q4-正式3,7,2,search,0,398,no_signal,3567.773112,7,response_end
Q4,3,CEBG-3EHE-MGUQ-H96W,Q4-正式3,7,6,search,0,402,no_signal,3579.773112,7,response_end
Q4,3,CEBG-3EHE-MGUQ-H96W,Q4-正式3,7,10,search,0,406,no_signal,3591.773112,7,response_end
Q4,3,CEBG-3EHE-MGUQ-H96W,Q4-正式3,7,11,search,0,408,no_signal,3597.773112,7,response_end
Q4,3,CEBG-3EHE-MGUQ-H96W,Q4-正式3,7,14,search,0,410,no_signal,3603.773112,7,response_end
Q4,3,CEBG-3EHE-MGUQ-H96W,Q4-正式3,7,17,search,0,414,no_signal,3615.773112,7,response_end
Q4,3,CEBG-3EHE-MGUQ-H96W,Q4-正式3,7,20,search,0,416,no_signal,3621.773112,7,response_end
Q4,3,CEBG-3EHE-MGUQ-H96W,Q4-正式3,7,20,search,0,418,no_signal,3725.124349,7,response_end
Q4,3,CEBG-3EHE-MGUQ-H96W,Q4-正式3,7,1,search,0,420,no_signal,3731.124349,7,response_end
Q4,3,CEBG-3EHE-MGUQ-H96W,Q4-正式3,7,2,search,0,422,no_signal,3737.124349,7,response_end
Q4,3,CEBG-3EHE-MGUQ-H96W,Q4-正式3,7,6,search,0,424,no_signal,3743.124349,7,response_end
Q4,3,CEBG-3EHE-MGUQ-H96W,Q4-正式3,7,10,search,0,428,no_signal,3755.124349,7,response_end
Q4,3,CEBG-3EHE-MGUQ-H96W,Q4-正式3,7,11,search,0,430,no_signal,3761.124349,7,response_end
Q4,3,CEBG-3EHE-MGUQ-H96W,Q4-正式3,7,14,search,0,432,no_signal,3767.124349,7,response_end
Q4,3,CEBG-3EHE-MGUQ-H96W,Q4-正式3,7,17,search,0,436,no_signal,3779.124349,7,response_end
Q4,3,CEBG-3EHE-MGUQ-H96W,Q4-正式3,7,18,search,0,438,no_signal,3785.124349,7,response_end
Q4,3,CEBG-3EHE-MGUQ-H96W,Q4-正式3,7,18,search,0,440,no_signal,3888.475586,7,response_end
Q4,3,CEBG-3EHE-MGUQ-H96W,Q4-正式3,7,1,search,0,442,no_signal,3894.475586,7,response_end
Q4,3,CEBG-3EHE-MGUQ-H96W,Q4-正式3,7,2,search,0,444,no_signal,3900.475586,7,response_end
Q4,3,CEBG-3EHE-MGUQ-H96W,Q4-正式3,7,6,search,0,446,no_signal,3906.475586,7,response_end
Q4,3,CEBG-3EHE-MGUQ-H96W,Q4-正式3,7,10,search,0,450,no_signal,3918.475586,7,response_end
Q4,3,CEBG-3EHE-MGUQ-H96W,Q4-正式3,7,11,search,0,452,no_signal,3924.475586,7,response_end
Q4,3,CEBG-3EHE-MGUQ-H96W,Q4-正式3,7,14,search,0,454,no_signal,3930.475586,7,response_end
Q4,3,CEBG-3EHE-MGUQ-H96W,Q4-正式3,7,17,search,0,458,no_signal,3942.475586,7,response_end
Q4,3,CEBG-3EHE-MGUQ-H96W,Q4-正式3,7,20,search,0,460,no_signal,3948.475586,7,response_end
Q4,3,CEBG-3EHE-MGUQ-H96W,Q4-正式3,7,15,optical_fallback,1,462,optical_fallback_start,3948.475586,7,preceding_response_end
Q4,3,CEBG-3EHE-MGUQ-H96W,Q4-正式3,7,15,optical_fallback,1,462,clear_no_target_in_range,4019.625760,7,response_end
Q4,3,CEBG-3EHE-MGUQ-H96W,Q4-正式3,7,15,optical_fallback,1,464,clear_no_target_in_range,4026.409696,7,response_end
Q4,3,CEBG-3EHE-MGUQ-H96W,Q4-正式3,7,15,optical_fallback,1,466,clear_no_target_in_range,4033.193632,7,response_end
Q4,3,CEBG-3EHE-MGUQ-H96W,Q4-正式3,7,15,optical_fallback,1,468,optical_fallback_success,4042.415687,8,response_end
Q4,3,CEBG-3EHE-MGUQ-H96W,Q4-正式3,8,20,search,0,470,no_signal,4126.576711,8,response_end
Q4,3,CEBG-3EHE-MGUQ-H96W,Q4-正式3,8,1,search,0,472,no_signal,4132.576711,8,response_end
Q4,3,CEBG-3EHE-MGUQ-H96W,Q4-正式3,8,2,search,0,474,no_signal,4138.576711,8,response_end
Q4,3,CEBG-3EHE-MGUQ-H96W,Q4-正式3,8,6,search,0,476,no_signal,4144.576711,8,response_end
Q4,3,CEBG-3EHE-MGUQ-H96W,Q4-正式3,8,10,search,0,480,no_signal,4156.576711,8,response_end
Q4,3,CEBG-3EHE-MGUQ-H96W,Q4-正式3,8,11,search,0,482,no_signal,4162.576711,8,response_end
Q4,3,CEBG-3EHE-MGUQ-H96W,Q4-正式3,8,14,search,0,484,no_signal,4168.576711,8,response_end
Q4,3,CEBG-3EHE-MGUQ-H96W,Q4-正式3,8,17,search,0,486,no_signal,4174.576711,8,response_end
Q4,3,CEBG-3EHE-MGUQ-H96W,Q4-正式3,8,18,search,0,488,no_signal,4180.576711,8,response_end
Q4,3,CEBG-3EHE-MGUQ-H96W,Q4-正式3,8,18,search,0,490,no_signal,4283.927948,8,response_end
Q4,3,CEBG-3EHE-MGUQ-H96W,Q4-正式3,8,1,search,0,492,no_signal,4289.927948,8,response_end
Q4,3,CEBG-3EHE-MGUQ-H96W,Q4-正式3,8,2,search,0,494,no_signal,4295.927948,8,response_end
Q4,3,CEBG-3EHE-MGUQ-H96W,Q4-正式3,8,6,search,0,496,no_signal,4301.927948,8,response_end
Q4,3,CEBG-3EHE-MGUQ-H96W,Q4-正式3,8,10,search,0,498,no_signal,4307.927948,8,response_end
Q4,3,CEBG-3EHE-MGUQ-H96W,Q4-正式3,8,11,search,0,500,no_signal,4313.927948,8,response_end
Q4,3,CEBG-3EHE-MGUQ-H96W,Q4-正式3,8,14,search,0,502,no_signal,4319.927948,8,response_end
Q4,3,CEBG-3EHE-MGUQ-H96W,Q4-正式3,8,17,search,0,504,no_signal,4325.927948,8,response_end
Q4,3,CEBG-3EHE-MGUQ-H96W,Q4-正式3,8,20,search,0,506,no_signal,4331.927948,8,response_end
Q4,3,CEBG-3EHE-MGUQ-H96W,Q4-正式3,8,20,search,0,508,no_signal,4435.279185,8,response_end
Q4,3,CEBG-3EHE-MGUQ-H96W,Q4-正式3,8,1,search,0,510,no_signal,4441.279185,8,response_end
Q4,3,CEBG-3EHE-MGUQ-H96W,Q4-正式3,8,2,search,0,512,no_signal,4447.279185,8,response_end
Q4,3,CEBG-3EHE-MGUQ-H96W,Q4-正式3,8,6,search,0,514,no_signal,4453.279185,8,response_end
Q4,3,CEBG-3EHE-MGUQ-H96W,Q4-正式3,8,10,search,0,516,no_signal,4459.279185,8,response_end
Q4,3,CEBG-3EHE-MGUQ-H96W,Q4-正式3,8,11,search,0,518,no_signal,4465.279185,8,response_end
Q4,3,CEBG-3EHE-MGUQ-H96W,Q4-正式3,8,14,search,0,520,no_signal,4471.279185,8,response_end
Q4,3,CEBG-3EHE-MGUQ-H96W,Q4-正式3,8,17,search,0,522,no_signal,4477.279185,8,response_end
Q4,3,CEBG-3EHE-MGUQ-H96W,Q4-正式3,8,18,search,0,524,no_signal,4483.279185,8,response_end
Q4,3,CEBG-3EHE-MGUQ-H96W,Q4-正式3,8,18,search,0,526,no_signal,4684.998837,8,response_end
Q4,3,CEBG-3EHE-MGUQ-H96W,Q4-正式3,8,1,search,0,528,no_signal,4690.998837,8,response_end
Q4,3,CEBG-3EHE-MGUQ-H96W,Q4-正式3,8,2,search,0,530,no_signal,4696.998837,8,response_end
Q4,3,CEBG-3EHE-MGUQ-H96W,Q4-正式3,8,6,search,0,532,no_signal,4702.998837,8,response_end
Q4,3,CEBG-3EHE-MGUQ-H96W,Q4-正式3,8,10,search,0,534,no_signal,4708.998837,8,response_end
Q4,3,CEBG-3EHE-MGUQ-H96W,Q4-正式3,8,11,search,0,536,no_signal,4714.998837,8,response_end
Q4,3,CEBG-3EHE-MGUQ-H96W,Q4-正式3,8,14,search,0,538,no_signal,4720.998837,8,response_end
Q4,3,CEBG-3EHE-MGUQ-H96W,Q4-正式3,8,17,search,0,540,no_signal,4726.998837,8,response_end
Q4,3,CEBG-3EHE-MGUQ-H96W,Q4-正式3,8,20,search,0,542,no_signal,4732.998837,8,response_end
Q4,3,CEBG-3EHE-MGUQ-H96W,Q4-正式3,8,20,search,0,544,no_signal,4931.595483,8,response_end
Q4,3,CEBG-3EHE-MGUQ-H96W,Q4-正式3,8,1,search,0,546,no_signal,4937.595483,8,response_end
Q4,3,CEBG-3EHE-MGUQ-H96W,Q4-正式3,8,2,search,0,548,no_signal,4943.595483,8,response_end
Q4,3,CEBG-3EHE-MGUQ-H96W,Q4-正式3,8,6,search,0,550,no_signal,4949.595483,8,response_end
Q4,3,CEBG-3EHE-MGUQ-H96W,Q4-正式3,8,10,search,0,552,no_signal,4955.595483,8,response_end
Q4,3,CEBG-3EHE-MGUQ-H96W,Q4-正式3,8,11,search,0,554,no_signal,4961.595483,8,response_end
Q4,3,CEBG-3EHE-MGUQ-H96W,Q4-正式3,8,14,search,0,556,no_signal,4967.595483,8,response_end
Q4,3,CEBG-3EHE-MGUQ-H96W,Q4-正式3,8,17,search,0,558,no_signal,4973.595483,8,response_end
Q4,3,CEBG-3EHE-MGUQ-H96W,Q4-正式3,8,18,search,0,560,no_signal,4979.595483,8,response_end
Q4,3,CEBG-3EHE-MGUQ-H96W,Q4-正式3,8,18,search,0,562,no_signal,5178.192129,8,response_end
Q4,3,CEBG-3EHE-MGUQ-H96W,Q4-正式3,8,1,search,0,564,no_signal,5184.192129,8,response_end
Q4,3,CEBG-3EHE-MGUQ-H96W,Q4-正式3,8,2,search,0,566,no_signal,5190.192129,8,response_end
Q4,3,CEBG-3EHE-MGUQ-H96W,Q4-正式3,8,6,search,0,568,no_signal,5196.192129,8,response_end
Q4,3,CEBG-3EHE-MGUQ-H96W,Q4-正式3,8,10,search,0,570,no_signal,5202.192129,8,response_end
Q4,3,CEBG-3EHE-MGUQ-H96W,Q4-正式3,8,11,search,0,572,no_signal,5208.192129,8,response_end
Q4,3,CEBG-3EHE-MGUQ-H96W,Q4-正式3,8,14,search,0,574,no_signal,5214.192129,8,response_end
Q4,3,CEBG-3EHE-MGUQ-H96W,Q4-正式3,8,17,search,0,576,no_signal,5220.192129,8,response_end
Q4,3,CEBG-3EHE-MGUQ-H96W,Q4-正式3,8,20,search,0,578,no_signal,5226.192129,8,response_end
Q4,3,CEBG-3EHE-MGUQ-H96W,Q4-正式3,8,20,search,0,580,no_signal,5424.788775,8,response_end
Q4,3,CEBG-3EHE-MGUQ-H96W,Q4-正式3,8,1,search,0,582,no_signal,5430.788775,8,response_end
Q4,3,CEBG-3EHE-MGUQ-H96W,Q4-正式3,8,2,search,0,584,no_signal,5436.788775,8,response_end
Q4,3,CEBG-3EHE-MGUQ-H96W,Q4-正式3,8,6,search,0,586,no_signal,5442.788775,8,response_end
Q4,3,CEBG-3EHE-MGUQ-H96W,Q4-正式3,8,10,search,0,590,no_signal,5454.788775,8,response_end
Q4,3,CEBG-3EHE-MGUQ-H96W,Q4-正式3,8,11,search,0,592,no_signal,5460.788775,8,response_end
Q4,3,CEBG-3EHE-MGUQ-H96W,Q4-正式3,8,14,search,0,594,no_signal,5466.788775,8,response_end
Q4,3,CEBG-3EHE-MGUQ-H96W,Q4-正式3,8,17,search,0,596,no_signal,5472.788775,8,response_end
Q4,3,CEBG-3EHE-MGUQ-H96W,Q4-正式3,8,18,search,0,598,no_signal,5478.788775,8,response_end
Q4,3,CEBG-3EHE-MGUQ-H96W,Q4-正式3,9,18,search,0,602,no_signal,5695.258609,9,response_end
Q4,3,CEBG-3EHE-MGUQ-H96W,Q4-正式3,9,1,search,0,604,no_signal,5701.258609,9,response_end
Q4,3,CEBG-3EHE-MGUQ-H96W,Q4-正式3,9,2,search,0,606,no_signal,5707.258609,9,response_end
Q4,3,CEBG-3EHE-MGUQ-H96W,Q4-正式3,9,6,search,0,608,no_signal,5713.258609,9,response_end
Q4,3,CEBG-3EHE-MGUQ-H96W,Q4-正式3,9,10,search,0,610,no_signal,5719.258609,9,response_end
Q4,3,CEBG-3EHE-MGUQ-H96W,Q4-正式3,9,11,search,0,612,no_signal,5725.258609,9,response_end
Q4,3,CEBG-3EHE-MGUQ-H96W,Q4-正式3,9,14,search,0,614,no_signal,5731.258609,9,response_end
Q4,3,CEBG-3EHE-MGUQ-H96W,Q4-正式3,9,17,search,0,616,no_signal,5737.258609,9,response_end
Q4,3,CEBG-3EHE-MGUQ-H96W,Q4-正式3,9,20,search,0,618,no_signal,5743.258609,9,response_end
Q4,3,CEBG-3EHE-MGUQ-H96W,Q4-正式3,9,20,search,0,620,no_signal,5941.855255,9,response_end
Q4,3,CEBG-3EHE-MGUQ-H96W,Q4-正式3,9,1,search,0,622,no_signal,5947.855255,9,response_end
Q4,3,CEBG-3EHE-MGUQ-H96W,Q4-正式3,9,2,search,0,624,no_signal,5953.855255,9,response_end
Q4,3,CEBG-3EHE-MGUQ-H96W,Q4-正式3,9,6,search,0,626,no_signal,5959.855255,9,response_end
Q4,3,CEBG-3EHE-MGUQ-H96W,Q4-正式3,9,10,search,0,628,no_signal,5965.855255,9,response_end
Q4,3,CEBG-3EHE-MGUQ-H96W,Q4-正式3,9,11,search,0,630,no_signal,5971.855255,9,response_end
Q4,3,CEBG-3EHE-MGUQ-H96W,Q4-正式3,9,14,search,0,632,no_signal,5977.855255,9,response_end
Q4,3,CEBG-3EHE-MGUQ-H96W,Q4-正式3,9,17,search,0,634,no_signal,5983.855255,9,response_end
Q4,3,CEBG-3EHE-MGUQ-H96W,Q4-正式3,9,18,search,0,636,no_signal,5989.855255,9,response_end
Q4,3,CEBG-3EHE-MGUQ-H96W,Q4-正式3,9,18,search,0,638,no_signal,6188.451901,9,response_end
Q4,3,CEBG-3EHE-MGUQ-H96W,Q4-正式3,9,1,search,0,640,no_signal,6194.451901,9,response_end
Q4,3,CEBG-3EHE-MGUQ-H96W,Q4-正式3,9,2,search,0,642,no_signal,6200.451901,9,response_end
Q4,3,CEBG-3EHE-MGUQ-H96W,Q4-正式3,9,3,search,1,644,no_signal,6206.451901,9,response_end
Q4,3,CEBG-3EHE-MGUQ-H96W,Q4-正式3,9,6,search,0,646,no_signal,6212.451901,9,response_end
Q4,3,CEBG-3EHE-MGUQ-H96W,Q4-正式3,9,10,search,0,648,no_signal,6218.451901,9,response_end
Q4,3,CEBG-3EHE-MGUQ-H96W,Q4-正式3,9,11,search,0,650,no_signal,6224.451901,9,response_end
Q4,3,CEBG-3EHE-MGUQ-H96W,Q4-正式3,9,14,search,0,652,no_signal,6230.451901,9,response_end
Q4,3,CEBG-3EHE-MGUQ-H96W,Q4-正式3,9,17,search,0,654,no_signal,6236.451901,9,response_end
Q4,3,CEBG-3EHE-MGUQ-H96W,Q4-正式3,9,20,search,0,658,no_signal,6248.451901,9,response_end
Q4,3,CEBG-3EHE-MGUQ-H96W,Q4-正式3,9,19,optical_fallback,1,660,optical_fallback_start,6248.451901,9,preceding_response_end
Q4,3,CEBG-3EHE-MGUQ-H96W,Q4-正式3,9,19,optical_fallback,1,660,optical_fallback_success,6294.085340,10,response_end
Q4,3,CEBG-3EHE-MGUQ-H96W,Q4-正式3,10,3,optical_fallback,1,662,optical_fallback_start,6294.085340,10,preceding_response_end
Q4,3,CEBG-3EHE-MGUQ-H96W,Q4-正式3,10,3,optical_fallback,1,662,clear_no_target_in_range,6354.013929,10,response_end
Q4,3,CEBG-3EHE-MGUQ-H96W,Q4-正式3,10,3,optical_fallback,1,664,optical_fallback_success,6363.743253,11,response_end
