batch,rounding,layout_id,family,error_mode,source_count,baseline31_first_all,recommended25_first_all,paired_difference_recommended_minus_baseline,baseline31_actual_completed,recommended25_actual_completed
round9_main,bounded,uniform_111000_spatial_hash,uniform,spatial_hash,11,10,19,9,31,25
round9_main,bounded,outward_111001_spatial_hash,outward,spatial_hash,11,29,25,-4,31,25
round9_main,bounded,inward_111002_spatial_hash,inward,spatial_hash,11,21,12,-9,31,25
round9_main,bounded,tangent_111003_spatial_hash,tangent,spatial_hash,13,19,12,-7,31,25
round9_main,bounded,cluster_111004_spatial_hash,cluster,spatial_hash,11,15,21,6,31,25
round9_main,bounded,edge_111005_spatial_hash,edge,spatial_hash,13,13,9,-4,31,25
round9_main,bounded,uniform_111006_positive,uniform,positive,13,29,11,-18,31,25
round9_main,bounded,outward_111007_positive,outward,positive,16,19,19,0,19,19
round9_main,bounded,inward_111008_positive,inward,positive,16,21,12,-9,21,12
round9_main,bounded,tangent_111009_positive,tangent,positive,12,29,16,-13,31,25
round9_main,bounded,cluster_111010_positive,cluster,positive,11,14,17,3,31,25
round9_main,bounded,edge_111011_positive,edge,positive,11,21,10,-11,31,25
round9_main,bounded,uniform_111012_negative,uniform,negative,15,29,24,-5,31,25
round9_main,bounded,outward_111013_negative,outward,negative,14,22,20,-2,31,25
round9_main,bounded,inward_111014_negative,inward,negative,12,11,10,-1,31,25
round9_main,bounded,tangent_111015_negative,tangent,negative,14,23,13,-10,31,25
round9_main,bounded,cluster_111016_negative,cluster,negative,12,18,8,-10,31,25
round9_main,bounded,edge_111017_negative,edge,negative,15,14,12,-2,31,25
round9_main,bounded,uniform_111018_smooth,uniform,smooth,13,20,14,-6,31,25
round9_main,bounded,outward_111019_smooth,outward,smooth,12,21,14,-7,31,25
round9_main,bounded,inward_111020_smooth,inward,smooth,13,14,12,-2,31,25
round9_main,bounded,tangent_111021_smooth,tangent,smooth,15,25,23,-2,31,25
round9_main,bounded,cluster_111022_smooth,cluster,smooth,11,22,11,-11,31,25
round9_main,bounded,edge_111023_smooth,edge,smooth,13,22,11,-11,31,25
round9_main,bounded,uniform_111024_spatial_hash,uniform,spatial_hash,10,16,13,-3,31,25
round9_main,bounded,outward_111025_spatial_hash,outward,spatial_hash,13,23,25,2,31,25
round9_main,bounded,inward_111026_spatial_hash,inward,spatial_hash,14,26,12,-14,31,25
round9_main,bounded,tangent_111027_spatial_hash,tangent,spatial_hash,14,25,12,-13,31,25
round9_main,bounded,cluster_111028_spatial_hash,cluster,spatial_hash,15,24,15,-9,31,25
round9_main,bounded,edge_111029_spatial_hash,edge,spatial_hash,13,17,22,5,31,25
round9_main,bounded,uniform_111030_positive,uniform,positive,14,9,9,0,31,25
round9_main,bounded,outward_111031_positive,outward,positive,14,22,18,-4,31,25
round9_main,bounded,inward_111032_positive,inward,positive,16,12,11,-1,12,11
round9_main,bounded,tangent_111033_positive,tangent,positive,13,23,16,-7,31,25
round9_main,bounded,cluster_111034_positive,cluster,positive,15,18,21,3,31,25
round9_main,bounded,edge_111035_positive,edge,positive,11,23,19,-4,31,25
round9_main,bounded,uniform_111036_negative,uniform,negative,15,29,19,-10,31,25
round9_main,bounded,outward_111037_negative,outward,negative,15,18,23,5,31,25
round9_main,bounded,inward_111038_negative,inward,negative,11,16,12,-4,31,25
round9_main,bounded,tangent_111039_negative,tangent,negative,13,19,11,-8,31,25
round9_main,bounded,cluster_111040_negative,cluster,negative,12,9,19,10,31,25
round9_main,bounded,edge_111041_negative,edge,negative,11,22,18,-4,31,25
round9_main,bounded,uniform_111042_smooth,uniform,smooth,12,10,20,10,31,25
round9_main,bounded,outward_111043_smooth,outward,smooth,14,29,23,-6,31,25
round9_main,bounded,inward_111044_smooth,inward,smooth,11,17,11,-6,31,25
round9_main,bounded,tangent_111045_smooth,tangent,smooth,11,18,12,-6,31,25
round9_main,bounded,cluster_111046_smooth,cluster,smooth,16,25,22,-3,25,22
round9_main,bounded,edge_111047_smooth,edge,smooth,12,28,19,-9,31,25
round9_main,bounded,uniform_111048_spatial_hash,uniform,spatial_hash,13,20,16,-4,31,25
round9_main,bounded,outward_111049_spatial_hash,outward,spatial_hash,14,24,23,-1,31,25
round9_main,bounded,inward_111050_spatial_hash,inward,spatial_hash,13,15,10,-5,31,25
round9_main,bounded,tangent_111051_spatial_hash,tangent,spatial_hash,14,19,11,-8,31,25
round9_main,bounded,cluster_111052_spatial_hash,cluster,spatial_hash,12,20,16,-4,31,25
round9_main,bounded,edge_111053_spatial_hash,edge,spatial_hash,14,23,25,2,31,25
round9_main,bounded,uniform_111054_positive,uniform,positive,14,23,19,-4,31,25
round9_main,bounded,outward_111055_positive,outward,positive,14,27,24,-3,31,25
round9_main,bounded,inward_111056_positive,inward,positive,14,22,10,-12,31,25
round9_main,bounded,tangent_111057_positive,tangent,positive,15,21,13,-8,31,25
round9_main,bounded,cluster_111058_positive,cluster,positive,10,19,7,-12,31,25
round9_main,bounded,edge_111059_positive,edge,positive,10,18,8,-10,31,25
round9_main,bounded,uniform_111060_negative,uniform,negative,12,16,15,-1,31,25
round9_main,bounded,outward_111061_negative,outward,negative,16,27,25,-2,27,25
round9_main,bounded,inward_111062_negative,inward,negative,11,16,11,-5,31,25
round9_main,bounded,tangent_111063_negative,tangent,negative,16,19,13,-6,19,13
round9_main,bounded,cluster_111064_negative,cluster,negative,14,19,22,3,31,25
round9_main,bounded,edge_111065_negative,edge,negative,14,20,25,5,31,25
round9_main,bounded,uniform_111066_smooth,uniform,smooth,14,18,23,5,31,25
round9_main,bounded,outward_111067_smooth,outward,smooth,11,21,24,3,31,25
round9_main,bounded,inward_111068_smooth,inward,smooth,11,17,9,-8,31,25
round9_main,bounded,tangent_111069_smooth,tangent,smooth,15,19,13,-6,31,25
round9_main,bounded,cluster_111070_smooth,cluster,smooth,15,20,15,-5,31,25
round9_main,bounded,edge_111071_smooth,edge,smooth,16,25,22,-3,25,22
round9_main,bounded,uniform_111072_spatial_hash,uniform,spatial_hash,10,27,15,-12,31,25
round9_main,bounded,outward_111073_spatial_hash,outward,spatial_hash,11,26,23,-3,31,25
round9_main,bounded,inward_111074_spatial_hash,inward,spatial_hash,10,24,8,-16,31,25
round9_main,bounded,tangent_111075_spatial_hash,tangent,spatial_hash,10,20,24,4,31,25
round9_main,bounded,cluster_111076_spatial_hash,cluster,spatial_hash,14,19,15,-4,31,25
round9_main,bounded,edge_111077_spatial_hash,edge,spatial_hash,10,22,23,1,31,25
round9_main,bounded,uniform_111078_positive,uniform,positive,12,18,22,4,31,25
round9_main,bounded,outward_111079_positive,outward,positive,15,28,23,-5,31,25
round9_main,bounded,inward_111080_positive,inward,positive,14,21,12,-9,31,25
round9_main,bounded,tangent_111081_positive,tangent,positive,15,17,12,-5,31,25
round9_main,bounded,cluster_111082_positive,cluster,positive,12,15,7,-8,31,25
round9_main,bounded,edge_111083_positive,edge,positive,11,21,19,-2,31,25
round9_main,bounded,uniform_111084_negative,uniform,negative,16,19,22,3,19,22
round9_main,bounded,outward_111085_negative,outward,negative,11,17,22,5,31,25
round9_main,bounded,inward_111086_negative,inward,negative,16,15,11,-4,15,11
round9_main,bounded,tangent_111087_negative,tangent,negative,16,25,23,-2,25,23
round9_main,bounded,cluster_111088_negative,cluster,negative,16,20,14,-6,20,14
round9_main,bounded,edge_111089_negative,edge,negative,10,22,24,2,31,25
round9_main,bounded,uniform_111090_smooth,uniform,smooth,12,15,11,-4,31,25
round9_main,bounded,outward_111091_smooth,outward,smooth,10,23,14,-9,31,25
round9_main,bounded,inward_111092_smooth,inward,smooth,15,9,10,1,31,25
round9_main,bounded,tangent_111093_smooth,tangent,smooth,14,28,12,-16,31,25
round9_main,bounded,cluster_111094_smooth,cluster,smooth,16,23,19,-4,23,19
round9_main,bounded,edge_111095_smooth,edge,smooth,14,21,25,4,31,25
round9_rounding,pre_round_stress,uniform_121000_spatial_hash,uniform,spatial_hash,11,22,23,1,31,25
round9_rounding,pre_round_stress,outward_121001_spatial_hash,outward,spatial_hash,14,18,18,0,31,25
round9_rounding,pre_round_stress,inward_121002_spatial_hash,inward,spatial_hash,12,23,11,-12,31,25
round9_rounding,pre_round_stress,tangent_121003_spatial_hash,tangent,spatial_hash,12,14,22,8,31,25
round9_rounding,pre_round_stress,cluster_121004_spatial_hash,cluster,spatial_hash,13,13,12,-1,31,25
round9_rounding,pre_round_stress,edge_121005_spatial_hash,edge,spatial_hash,14,27,22,-5,31,25
round9_rounding,pre_round_stress,uniform_121006_positive,uniform,positive,13,6,13,7,31,25
round9_rounding,pre_round_stress,outward_121007_positive,outward,positive,11,30,22,-8,31,25
round9_rounding,pre_round_stress,inward_121008_positive,inward,positive,11,21,11,-10,31,25
round9_rounding,pre_round_stress,tangent_121009_positive,tangent,positive,16,14,12,-2,14,12
round9_rounding,pre_round_stress,cluster_121010_positive,cluster,positive,15,24,17,-7,31,25
round9_rounding,pre_round_stress,edge_121011_positive,edge,positive,16,27,24,-3,27,24
round9_rounding,pre_round_stress,uniform_121012_negative,uniform,negative,12,13,23,10,31,25
round9_rounding,pre_round_stress,outward_121013_negative,outward,negative,15,29,25,-4,31,25
round9_rounding,pre_round_stress,inward_121014_negative,inward,negative,14,15,12,-3,31,25
round9_rounding,pre_round_stress,tangent_121015_negative,tangent,negative,12,28,18,-10,31,25
round9_rounding,pre_round_stress,cluster_121016_negative,cluster,negative,12,27,24,-3,31,25
round9_rounding,pre_round_stress,edge_121017_negative,edge,negative,11,22,8,-14,31,25
round9_rounding,pre_round_stress,uniform_121018_smooth,uniform,smooth,12,23,23,0,31,25
round9_rounding,pre_round_stress,outward_121019_smooth,outward,smooth,13,24,18,-6,31,25
round9_rounding,pre_round_stress,inward_121020_smooth,inward,smooth,16,19,11,-8,19,11
round9_rounding,pre_round_stress,tangent_121021_smooth,tangent,smooth,15,27,13,-14,31,25
round9_rounding,pre_round_stress,cluster_121022_smooth,cluster,smooth,11,15,21,6,31,25
round9_rounding,pre_round_stress,edge_121023_smooth,edge,smooth,13,22,22,0,31,25
round9_rounding,pre_round_stress,uniform_121024_spatial_hash,uniform,spatial_hash,13,26,25,-1,31,25
round9_rounding,pre_round_stress,outward_121025_spatial_hash,outward,spatial_hash,12,21,17,-4,31,25
round9_rounding,pre_round_stress,inward_121026_spatial_hash,inward,spatial_hash,12,24,12,-12,31,25
round9_rounding,pre_round_stress,tangent_121027_spatial_hash,tangent,spatial_hash,14,17,24,7,31,25
round9_rounding,pre_round_stress,cluster_121028_spatial_hash,cluster,spatial_hash,16,20,18,-2,20,18
round9_rounding,pre_round_stress,edge_121029_spatial_hash,edge,spatial_hash,10,18,22,4,31,25
round9_rounding,pre_round_stress,uniform_121030_positive,uniform,positive,10,28,20,-8,31,25
round9_rounding,pre_round_stress,outward_121031_positive,outward,positive,12,19,17,-2,31,25
round9_rounding,pre_round_stress,inward_121032_positive,inward,positive,11,21,10,-11,31,25
round9_rounding,pre_round_stress,tangent_121033_positive,tangent,positive,13,27,24,-3,31,25
round9_rounding,pre_round_stress,cluster_121034_positive,cluster,positive,15,16,11,-5,31,25
round9_rounding,pre_round_stress,edge_121035_positive,edge,positive,11,14,20,6,31,25
round9_rounding,pre_round_stress,uniform_121036_negative,uniform,negative,15,22,20,-2,31,25
round9_rounding,pre_round_stress,outward_121037_negative,outward,negative,12,30,24,-6,31,25
round9_rounding,pre_round_stress,inward_121038_negative,inward,negative,10,14,12,-2,31,25
round9_rounding,pre_round_stress,tangent_121039_negative,tangent,negative,10,26,13,-13,31,25
round9_rounding,pre_round_stress,cluster_121040_negative,cluster,negative,15,19,21,2,31,25
round9_rounding,pre_round_stress,edge_121041_negative,edge,negative,13,22,23,1,31,25
round9_rounding,pre_round_stress,uniform_121042_smooth,uniform,smooth,14,24,13,-11,31,25
round9_rounding,pre_round_stress,outward_121043_smooth,outward,smooth,13,25,23,-2,31,25
round9_rounding,pre_round_stress,inward_121044_smooth,inward,smooth,12,27,12,-15,31,25
round9_rounding,pre_round_stress,tangent_121045_smooth,tangent,smooth,13,23,12,-11,31,25
round9_rounding,pre_round_stress,cluster_121046_smooth,cluster,smooth,12,17,16,-1,31,25
round9_rounding,pre_round_stress,edge_121047_smooth,edge,smooth,11,22,12,-10,31,25
round9_rounding,pre_round_stress,uniform_121048_spatial_hash,uniform,spatial_hash,13,13,24,11,31,25
round9_rounding,pre_round_stress,outward_121049_spatial_hash,outward,spatial_hash,12,18,24,6,31,25
round9_rounding,pre_round_stress,inward_121050_spatial_hash,inward,spatial_hash,13,15,11,-4,31,25
round9_rounding,pre_round_stress,tangent_121051_spatial_hash,tangent,spatial_hash,13,17,12,-5,31,25
round9_rounding,pre_round_stress,cluster_121052_spatial_hash,cluster,spatial_hash,15,20,21,1,31,25
round9_rounding,pre_round_stress,edge_121053_spatial_hash,edge,spatial_hash,12,29,21,-8,31,25
round9_rounding,pre_round_stress,uniform_121054_positive,uniform,positive,12,12,8,-4,31,25
round9_rounding,pre_round_stress,outward_121055_positive,outward,positive,11,23,25,2,31,25
round9_rounding,pre_round_stress,inward_121056_positive,inward,positive,10,22,9,-13,31,25
round9_rounding,pre_round_stress,tangent_121057_positive,tangent,positive,10,19,11,-8,31,25
round9_rounding,pre_round_stress,cluster_121058_positive,cluster,positive,16,22,24,2,22,24
round9_rounding,pre_round_stress,edge_121059_positive,edge,positive,14,13,18,5,31,25
round9_rounding,pre_round_stress,uniform_121060_negative,uniform,negative,10,24,10,-14,31,25
round9_rounding,pre_round_stress,outward_121061_negative,outward,negative,11,15,23,8,31,25
round9_rounding,pre_round_stress,inward_121062_negative,inward,negative,14,13,11,-2,31,25
round9_rounding,pre_round_stress,tangent_121063_negative,tangent,negative,12,19,17,-2,31,25
round9_rounding,pre_round_stress,cluster_121064_negative,cluster,negative,14,19,19,0,31,25
round9_rounding,pre_round_stress,edge_121065_negative,edge,negative,16,19,22,3,19,22
round9_rounding,pre_round_stress,uniform_121066_smooth,uniform,smooth,11,15,17,2,31,25
round9_rounding,pre_round_stress,outward_121067_smooth,outward,smooth,12,28,25,-3,31,25
round9_rounding,pre_round_stress,inward_121068_smooth,inward,smooth,12,21,11,-10,31,25
round9_rounding,pre_round_stress,tangent_121069_smooth,tangent,smooth,11,18,12,-6,31,25
round9_rounding,pre_round_stress,cluster_121070_smooth,cluster,smooth,14,27,15,-12,31,25
round9_rounding,pre_round_stress,edge_121071_smooth,edge,smooth,15,20,22,2,31,25
round9_rounding,pre_round_stress,uniform_121072_spatial_hash,uniform,spatial_hash,14,25,23,-2,31,25
round9_rounding,pre_round_stress,outward_121073_spatial_hash,outward,spatial_hash,16,13,20,7,13,20
round9_rounding,pre_round_stress,inward_121074_spatial_hash,inward,spatial_hash,12,16,10,-6,31,25
round9_rounding,pre_round_stress,tangent_121075_spatial_hash,tangent,spatial_hash,13,15,12,-3,31,25
round9_rounding,pre_round_stress,cluster_121076_spatial_hash,cluster,spatial_hash,10,14,10,-4,31,25
round9_rounding,pre_round_stress,edge_121077_spatial_hash,edge,spatial_hash,15,23,24,1,31,25
round9_rounding,pre_round_stress,uniform_121078_positive,uniform,positive,10,12,8,-4,31,25
round9_rounding,pre_round_stress,outward_121079_positive,outward,positive,11,23,24,1,31,25
round9_rounding,pre_round_stress,inward_121080_positive,inward,positive,11,12,10,-2,31,25
round9_rounding,pre_round_stress,tangent_121081_positive,tangent,positive,12,29,13,-16,31,25
round9_rounding,pre_round_stress,cluster_121082_positive,cluster,positive,12,8,11,3,31,25
round9_rounding,pre_round_stress,edge_121083_positive,edge,positive,10,19,9,-10,31,25
round9_rounding,pre_round_stress,uniform_121084_negative,uniform,negative,16,27,22,-5,27,22
round9_rounding,pre_round_stress,outward_121085_negative,outward,negative,13,23,25,2,31,25
round9_rounding,pre_round_stress,inward_121086_negative,inward,negative,16,21,10,-11,21,10
round9_rounding,pre_round_stress,tangent_121087_negative,tangent,negative,15,23,24,1,31,25
round9_rounding,pre_round_stress,cluster_121088_negative,cluster,negative,12,28,21,-7,31,25
round9_rounding,pre_round_stress,edge_121089_negative,edge,negative,13,18,24,6,31,25
round9_rounding,pre_round_stress,uniform_121090_smooth,uniform,smooth,16,13,13,0,13,13
round9_rounding,pre_round_stress,outward_121091_smooth,outward,smooth,16,13,23,10,13,23
round9_rounding,pre_round_stress,inward_121092_smooth,inward,smooth,12,18,11,-7,31,25
round9_rounding,pre_round_stress,tangent_121093_smooth,tangent,smooth,16,22,12,-10,22,12
round9_rounding,pre_round_stress,cluster_121094_smooth,cluster,smooth,14,18,10,-8,31,25
round9_rounding,pre_round_stress,edge_121095_smooth,edge,smooth,15,18,20,2,31,25
