case_id,AB,COMPACT,COMPACT_BATCH,REF,REF_BATCH
outer_holdout_50000_negative,5922.13089,5420.285949,5420.285949,5123.736107,4980.219293
outer_holdout_50000_positive,5921.274894,5330.216905,5330.216905,4952.327759,4807.013297
outer_holdout_50000_smooth,5897.9619,5139.885864,4913.420913,5070.334936,4923.901291
outer_holdout_50000_spatial_hash,6333.392992,5205.084225,5205.084225,5713.683237,5713.683237
outer_holdout_50001_negative,5417.716513,4277.379125,3597.236379,4506.097197,3600.924781
outer_holdout_50001_positive,5219.389921,4004.773351,3245.581613,4287.669392,3329.377758
outer_holdout_50001_smooth,5279.065376,4125.512822,3305.793594,4332.339072,3370.62315
outer_holdout_50001_spatial_hash,5280.904742,4091.856486,3349.626189,4322.782144,3357.520261
outer_holdout_50002_negative,5312.511673,4944.551463,4944.551463,5147.306651,5147.306651
outer_holdout_50002_positive,5247.51921,4883.91422,4883.91422,5198.356332,5198.356332
outer_holdout_50002_smooth,5367.774229,5069.556382,5069.556382,5367.774229,5367.774229
outer_holdout_50002_spatial_hash,5740.606175,4638.93687,4638.93687,5535.096712,5535.096712
outer_holdout_50003_negative,6582.274828,4344.928576,3655.990295,4839.836323,3671.670833
outer_holdout_50003_positive,6624.130001,4200.553976,3445.856623,4915.577281,3522.036738
outer_holdout_50003_smooth,6609.77883,4292.487197,3496.496508,5066.775195,3522.379546
outer_holdout_50003_spatial_hash,6558.56942,4219.982574,3466.105063,4836.673067,3688.398917
outer_holdout_50004_negative,6948.293801,5745.380122,5693.099662,6163.656907,6077.551379
outer_holdout_50004_positive,6493.094279,5697.524718,5665.070527,6451.0346,6318.384409
outer_holdout_50004_smooth,6825.103454,5571.976274,5539.719751,5998.101203,5724.442451
outer_holdout_50004_spatial_hash,6726.658865,5971.528286,5971.528286,6192.156073,6277.950408
outer_holdout_50005_negative,7035.285527,4140.217727,2957.963286,5264.495822,3818.162966
outer_holdout_50005_positive,7024.377524,4108.499456,3029.774971,5403.494188,4420.672668
outer_holdout_50005_smooth,7024.700395,4071.917916,2986.862395,5240.513368,3770.955406
outer_holdout_50005_spatial_hash,6976.25489,4081.313921,2997.088413,5267.221737,3991.385656
outer_holdout_50006_negative,7018.179795,5648.147784,5648.147784,6331.609016,6555.337361
outer_holdout_50006_positive,6852.323016,5355.372863,5341.389137,6949.310711,6016.578518
outer_holdout_50006_smooth,6831.073662,5536.001517,5362.828353,6954.01491,6088.01827
outer_holdout_50006_spatial_hash,6882.196307,5263.467817,5250.011062,6799.244702,6275.34887
outer_holdout_50007_negative,4853.435063,4022.405173,3522.912922,4070.241193,3177.655272
outer_holdout_50007_positive,4869.674585,3852.281454,3318.626998,4130.453151,3181.192315
outer_holdout_50007_smooth,4852.677841,3936.737447,3345.717375,4025.475873,3253.162328
outer_holdout_50007_spatial_hash,4880.535386,3942.234538,3358.105139,4076.843965,3177.034823
outer_holdout_50008_negative,7133.979073,5899.836754,5740.099116,6734.373687,6365.333539
outer_holdout_50008_positive,7014.047734,5655.949181,5655.949181,6585.051971,6318.78918
outer_holdout_50008_smooth,6872.787195,5875.16399,5875.16399,6714.660813,6386.634881
outer_holdout_50008_spatial_hash,7082.76932,5349.987963,5350.297518,6679.234663,6279.092691
outer_holdout_50009_negative,5171.063597,4146.138676,3556.225716,4212.582309,3527.926681
outer_holdout_50009_positive,5037.739985,3966.091972,3327.605032,4136.335753,3327.828331
outer_holdout_50009_smooth,5038.503583,3990.320018,3402.053288,4122.210946,3341.169371
outer_holdout_50009_spatial_hash,5055.805504,4010.740995,3410.223507,4293.375501,3398.922776
outer_holdout_50010_negative,5338.271409,4888.224379,4888.224379,5225.388292,5225.388292
outer_holdout_50010_positive,5409.84061,4350.796043,4302.168588,5293.425377,5293.425377
outer_holdout_50010_smooth,5272.976227,4555.452884,4555.452884,5153.630834,5153.630834
outer_holdout_50010_spatial_hash,5273.132804,4277.973509,4277.973509,5159.924983,5159.924983
outer_holdout_50011_negative,6100.786513,3874.171189,2884.869891,4886.369028,3882.963492
outer_holdout_50011_positive,6060.496374,3807.213423,2859.405581,4775.289715,3705.440359
outer_holdout_50011_smooth,6062.549385,3815.968448,2913.90748,4721.178,3719.185529
outer_holdout_50011_spatial_hash,6047.552899,3771.642558,2883.310629,4678.672683,3683.16311
outer_holdout_50012_negative,5828.543214,5446.797038,5205.962805,5570.39642,5570.39642
outer_holdout_50012_positive,6811.958096,4807.82183,4656.80774,6649.954796,6317.633207
outer_holdout_50012_smooth,6792.032645,5408.807916,5281.61668,6477.508893,6274.543163
outer_holdout_50012_spatial_hash,5573.722894,5191.256623,4928.585989,4948.69202,4948.69202
outer_holdout_50013_negative,6187.925842,4157.736196,3408.415511,4794.25821,3877.027468
outer_holdout_50013_positive,6228.334973,4137.970833,3490.42434,4851.357644,3973.604847
outer_holdout_50013_smooth,6222.000222,4093.941287,3340.221417,4334.322545,3800.617363
outer_holdout_50013_spatial_hash,6230.924782,4220.024489,3570.107447,5077.801977,4101.034876
outer_holdout_50014_negative,6819.362372,5988.497689,5996.259967,6501.19974,6109.757251
outer_holdout_50014_positive,6625.731067,5863.941881,5875.367834,6229.973004,6025.289857
outer_holdout_50014_smooth,6821.088974,5871.059274,5832.476992,6637.134355,6572.199198
outer_holdout_50014_spatial_hash,6781.293694,4536.129233,4442.856604,6649.035779,6600.345182
outer_holdout_50015_negative,5142.577223,3658.14022,3130.752202,4418.437279,3853.617086
outer_holdout_50015_positive,5201.854012,3661.387631,3109.489253,4475.879756,3869.684812
outer_holdout_50015_smooth,5174.614219,3681.328309,3106.077906,4491.365408,3840.488904
outer_holdout_50015_spatial_hash,5163.594289,3606.900566,3100.658208,4409.896298,3860.380333
outer_holdout_50016_negative,5329.729204,4881.046219,4881.046219,5106.748012,5106.748012
outer_holdout_50016_positive,5354.822205,4721.869497,4721.869497,5013.946311,5013.946311
outer_holdout_50016_smooth,5277.619342,4864.492134,4864.492134,5091.675098,5091.675098
outer_holdout_50016_spatial_hash,5266.300105,4491.420451,4491.420451,5068.646885,5068.646885
outer_holdout_50017_negative,6232.592463,3786.928206,3059.04871,4878.327708,3847.455496
outer_holdout_50017_positive,6245.909749,3790.482063,3108.875197,4949.57693,3997.527753
outer_holdout_50017_smooth,6210.427277,3810.61625,3071.437481,4910.063313,3991.005792
outer_holdout_50017_spatial_hash,6205.616956,3757.36387,3037.777981,4868.911207,3953.204692
outer_holdout_50018_negative,7770.442497,4649.538546,4362.274195,6597.116447,6638.858281
outer_holdout_50018_positive,7554.164162,5197.301507,5055.780579,6885.717519,6885.717519
outer_holdout_50018_smooth,7704.793612,6733.833645,4781.238513,6888.942097,6888.942097
outer_holdout_50018_spatial_hash,7650.424206,6472.960035,4782.765536,7034.503636,7034.503636
outer_holdout_50019_negative,4675.244484,3905.803039,3501.191254,3973.827074,3508.462489
outer_holdout_50019_positive,4645.959042,3783.955818,3347.567262,3968.356624,3450.66004
outer_holdout_50019_smooth,4643.870646,3843.588504,3420.092375,3838.452848,3487.178769
outer_holdout_50019_spatial_hash,4648.578426,3814.155518,3374.027165,3843.215389,3462.267532
